date,Bills & Utilities,Education,Entertainment,Food & Dining,Healthcare,Income,Others,Savings,Travel,total_daily_expense
2019-01-01,0.0,0.0,0.0,0.0,0.0,0.0,1000.0,0.0,0.0,1000.0
2019-01-02,0.0,0.0,0.0,300.0,0.0,0.0,1000.0,0.0,790.0,2090.0
2019-01-04,0.0,0.0,0.0,0.0,0.0,0.0,1000.0,0.0,0.0,1000.0
2019-01-06,0.0,0.0,0.0,300.0,0.0,0.0,0.0,0.0,0.0,300.0
2019-01-08,0.0,0.0,0.0,0.0,1180.0,0.0,1000.0,0.0,0.0,2180.0
2019-01-09,0.0,0.0,0.0,300.0,0.0,0.0,970.0,0.0,0.0,1270.0
2019-01-13,1000.0,0.0,0.0,0.0,0.0,0.0,1000.0,0.0,0.0,2000.0
2019-01-14,0.0,0.0,500.0,300.0,0.0,0.0,1000.0,0.0,0.0,1800.0
2019-01-16,0.0,0.0,0.0,0.0,0.0,0.0,1000.0,0.0,0.0,1000.0
2019-01-19,1000.0,0.0,0.0,300.0,0.0,0.0,1000.0,0.0,0.0,2300.0
2019-01-21,0.0,0.0,0.0,300.0,0.0,0.0,0.0,0.0,0.0,300.0
2019-01-24,0.0,0.0,0.0,0.0,0.0,0.0,1000.0,0.0,0.0,1000.0
2019-01-26,0.0,0.0,500.0,300.0,0.0,0.0,0.0,0.0,0.0,800.0
2019-01-28,0.0,0.0,0.0,0.0,0.0,0.0,1000.0,0.0,2000.0,3000.0
2019-01-29,0.0,0.0,0.0,0.0,0.0,0.0,1000.0,0.0,1810.0,2810.0
2019-02-01,0.0,0.0,500.0,0.0,0.0,0.0,0.0,0.0,0.0,500.0
2019-02-02,1000.0,0.0,0.0,0.0,0.0,0.0,1000.0,0.0,0.0,2000.0
2019-02-05,1000.0,0.0,0.0,300.0,0.0,0.0,1000.0,0.0,0.0,2300.0
2019-02-08,0.0,0.0,0.0,0.0,0.0,0.0,670.0,0.0,0.0,670.0
2019-02-09,0.0,0.0,0.0,300.0,0.0,0.0,1000.0,0.0,0.0,1300.0
2019-02-10,0.0,0.0,500.0,0.0,0.0,0.0,1000.0,0.0,0.0,1500.0
2019-02-11,0.0,0.0,0.0,300.0,0.0,0.0,1000.0,0.0,0.0,1300.0
2019-02-17,0.0,0.0,0.0,0.0,0.0,0.0,1000.0,0.0,0.0,1000.0
2019-02-24,0.0,0.0,0.0,0.0,0.0,0.0,870.0,0.0,0.0,870.0
2019-02-25,0.0,0.0,0.0,0.0,0.0,0.0,1000.0,0.0,0.0,1000.0
2019-02-26,0.0,0.0,0.0,300.0,0.0,0.0,1000.0,0.0,0.0,1300.0
2019-02-27,0.0,0.0,0.0,300.0,0.0,0.0,0.0,0.0,0.0,300.0
2019-03-01,0.0,0.0,500.0,0.0,0.0,0.0,0.0,0.0,0.0,500.0
2019-03-02,0.0,0.0,0.0,0.0,0.0,0.0,0.0,0.0,2000.0,2000.0
2019-03-03,0.0,0.0,500.0,300.0,0.0,0.0,0.0,0.0,2000.0,2800.0
2019-03-05,0.0,0.0,0.0,0.0,0.0,0.0,0.0,2500.0,0.0,2500.0
2019-03-08,0.0,0.0,0.0,0.0,0.0,0.0,0.0,0.0,2000.0,2000.0
2019-03-09,0.0,0.0,0.0,0.0,0.0,0.0,1000.0,0.0,0.0,1000.0
2019-03-11,0.0,0.0,0.0,300.0,0.0,0.0,0.0,0.0,0.0,300.0
2019-03-13,0.0,0.0,500.0,0.0,0.0,0.0,1000.0,0.0,0.0,1500.0
2019-03-15,0.0,0.0,500.0,300.0,0.0,0.0,1000.0,0.0,0.0,1800.0
2019-03-16,0.0,0.0,500.0,0.0,0.0,0.0,0.0,0.0,0.0,500.0
2019-03-17,0.0,0.0,0.0,300.0,0.0,0.0,1000.0,0.0,0.0,1300.0
2019-03-18,0.0,0.0,0.0,300.0,0.0,0.0,0.0,0.0,0.0,300.0
2019-03-19,0.0,0.0,0.0,0.0,0.0,0.0,0.0,0.0,1310.0,1310.0
2019-03-20,1000.0,0.0,0.0,300.0,0.0,0.0,1000.0,0.0,0.0,2300.0
2019-03-23,0.0,0.0,0.0,0.0,0.0,0.0,1000.0,0.0,0.0,1000.0
2019-03-25,1000.0,0.0,0.0,300.0,0.0,0.0,1000.0,0.0,0.0,2300.0
2019-03-27,0.0,0.0,0.0,0.0,0.0,0.0,1000.0,0.0,0.0,1000.0
2019-03-28,0.0,0.0,0.0,300.0,0.0,0.0,1000.0,0.0,0.0,1300.0
2019-03-29,0.0,0.0,0.0,300.0,0.0,0.0,1000.0,0.0,0.0,1300.0
2019-03-30,0.0,0.0,0.0,0.0,0.0,0.0,1000.0,0.0,0.0,1000.0
2019-04-01,0.0,0.0,0.0,0.0,1790.0,0.0,1000.0,0.0,0.0,2790.0
2019-04-02,0.0,0.0,0.0,0.0,0.0,0.0,1000.0,0.0,0.0,1000.0
2019-04-03,0.0,0.0,0.0,300.0,0.0,0.0,1000.0,0.0,0.0,1300.0
2019-04-05,0.0,0.0,0.0,300.0,0.0,0.0,1000.0,0.0,0.0,1300.0
2019-04-07,1000.0,0.0,0.0,0.0,0.0,0.0,1000.0,0.0,0.0,2000.0
2019-04-08,1000.0,0.0,0.0,0.0,0.0,0.0,0.0,0.0,0.0,1000.0
2019-04-10,0.0,0.0,0.0,0.0,0.0,0.0,0.0,0.0,2000.0,2000.0
2019-04-13,0.0,0.0,0.0,300.0,0.0,0.0,0.0,0.0,890.0,1190.0
2019-04-14,0.0,0.0,500.0,300.0,0.0,0.0,1000.0,0.0,0.0,1800.0
2019-04-15,1000.0,0.0,0.0,300.0,0.0,0.0,0.0,0.0,0.0,1300.0
2019-04-16,1000.0,0.0,0.0,0.0,0.0,0.0,1000.0,0.0,0.0,2000.0
2019-04-18,0.0,0.0,0.0,300.0,0.0,0.0,0.0,0.0,0.0,300.0
2019-04-20,0.0,0.0,0.0,0.0,0.0,0.0,980.0,0.0,2000.0,2980.0
2019-04-21,1000.0,0.0,0.0,300.0,0.0,0.0,0.0,0.0,0.0,1300.0
2019-04-22,0.0,0.0,500.0,0.0,0.0,0.0,0.0,0.0,0.0,500.0
2019-04-23,1000.0,0.0,0.0,0.0,0.0,0.0,1000.0,0.0,0.0,2000.0
2019-04-24,960.0,1540.0,0.0,300.0,0.0,0.0,0.0,0.0,0.0,2800.0
2019-04-26,0.0,0.0,0.0,0.0,0.0,0.0,1000.0,0.0,0.0,1000.0
2019-04-28,0.0,0.0,0.0,300.0,0.0,0.0,1000.0,0.0,0.0,1300.0
2019-04-29,1000.0,0.0,0.0,0.0,0.0,0.0,1000.0,0.0,0.0,2000.0
2019-04-30,0.0,0.0,0.0,0.0,0.0,0.0,0.0,0.0,2000.0,2000.0
2019-05-02,0.0,0.0,0.0,300.0,0.0,0.0,1000.0,0.0,0.0,1300.0
2019-05-03,0.0,0.0,0.0,300.0,0.0,0.0,1000.0,0.0,0.0,1300.0
2019-05-05,0.0,0.0,0.0,300.0,0.0,0.0,0.0,0.0,0.0,300.0
2019-05-06,0.0,0.0,0.0,300.0,0.0,0.0,0.0,0.0,0.0,300.0
2019-05-07,0.0,0.0,0.0,300.0,0.0,0.0,0.0,0.0,0.0,300.0
2019-05-08,0.0,0.0,0.0,0.0,0.0,0.0,1000.0,0.0,0.0,1000.0
2019-05-10,1000.0,0.0,0.0,0.0,0.0,0.0,0.0,0.0,0.0,1000.0
2019-05-11,0.0,0.0,500.0,0.0,0.0,0.0,1000.0,0.0,0.0,1500.0
2019-05-12,0.0,0.0,0.0,0.0,0.0,0.0,1000.0,0.0,0.0,1000.0
2019-05-13,0.0,0.0,0.0,300.0,0.0,0.0,0.0,0.0,0.0,300.0
2019-05-14,0.0,530.0,0.0,300.0,0.0,0.0,0.0,0.0,840.0,1670.0
2019-05-15,0.0,0.0,500.0,300.0,0.0,0.0,0.0,0.0,2000.0,2800.0
2019-05-17,0.0,0.0,500.0,0.0,0.0,0.0,1000.0,370.0,0.0,1870.0
2019-05-18,0.0,0.0,0.0,0.0,0.0,0.0,1000.0,0.0,0.0,1000.0
2019-05-19,0.0,0.0,0.0,300.0,0.0,0.0,0.0,0.0,0.0,300.0
2019-05-20,0.0,0.0,0.0,300.0,0.0,0.0,1000.0,0.0,0.0,1300.0
2019-05-21,0.0,0.0,0.0,300.0,0.0,0.0,1000.0,0.0,1610.0,2910.0
2019-05-24,0.0,0.0,0.0,300.0,0.0,0.0,1000.0,0.0,0.0,1300.0
2019-05-26,0.0,0.0,0.0,300.0,0.0,0.0,0.0,0.0,0.0,300.0
2019-05-27,0.0,0.0,0.0,300.0,0.0,0.0,0.0,0.0,0.0,300.0
2019-05-29,0.0,0.0,0.0,0.0,0.0,0.0,1000.0,0.0,0.0,1000.0
2019-05-31,0.0,0.0,0.0,0.0,0.0,0.0,1000.0,0.0,0.0,1000.0
2019-06-01,0.0,0.0,0.0,300.0,0.0,0.0,1000.0,0.0,0.0,1300.0
2019-06-03,1000.0,0.0,0.0,300.0,0.0,0.0,0.0,0.0,0.0,1300.0
2019-06-04,0.0,0.0,0.0,300.0,0.0,0.0,1000.0,0.0,0.0,1300.0
2019-06-06,0.0,0.0,0.0,300.0,0.0,0.0,1000.0,0.0,0.0,1300.0
2019-06-07,1000.0,0.0,500.0,0.0,0.0,0.0,1000.0,0.0,0.0,2500.0
2019-06-08,0.0,0.0,0.0,300.0,0.0,0.0,1000.0,0.0,0.0,1300.0
2019-06-11,0.0,0.0,0.0,300.0,0.0,0.0,1000.0,0.0,0.0,1300.0
2019-06-13,0.0,0.0,0.0,300.0,0.0,0.0,1000.0,0.0,0.0,1300.0
2019-06-15,0.0,0.0,500.0,0.0,0.0,0.0,540.0,0.0,0.0,1040.0
2019-06-17,1000.0,0.0,0.0,0.0,0.0,0.0,1000.0,0.0,830.0,2830.0
2019-06-20,0.0,0.0,0.0,0.0,2000.0,0.0,0.0,0.0,0.0,2000.0
2019-06-21,0.0,0.0,0.0,300.0,0.0,0.0,1000.0,0.0,0.0,1300.0
2019-06-27,0.0,2000.0,0.0,0.0,0.0,0.0,0.0,0.0,460.0,2460.0
2019-06-28,1000.0,0.0,500.0,0.0,0.0,0.0,1000.0,0.0,0.0,2500.0
2019-06-30,0.0,0.0,0.0,300.0,0.0,0.0,1000.0,0.0,0.0,1300.0
2019-07-05,0.0,0.0,0.0,300.0,0.0,0.0,0.0,0.0,2000.0,2300.0
2019-07-06,0.0,0.0,0.0,0.0,0.0,0.0,1000.0,0.0,0.0,1000.0
2019-07-08,0.0,0.0,0.0,300.0,0.0,0.0,0.0,0.0,2000.0,2300.0
2019-07-10,0.0,0.0,0.0,300.0,0.0,0.0,0.0,0.0,0.0,300.0
2019-07-11,0.0,840.0,0.0,0.0,0.0,0.0,0.0,0.0,0.0,840.0
2019-07-12,0.0,2000.0,500.0,0.0,0.0,0.0,0.0,0.0,0.0,2500.0
2019-07-13,0.0,0.0,0.0,0.0,0.0,0.0,0.0,0.0,2000.0,2000.0
2019-07-14,0.0,0.0,0.0,0.0,0.0,0.0,870.0,0.0,2000.0,2870.0
2019-07-15,0.0,0.0,0.0,300.0,0.0,0.0,1000.0,0.0,0.0,1300.0
2019-07-18,0.0,0.0,0.0,0.0,0.0,0.0,1000.0,0.0,1790.0,2790.0
2019-07-20,0.0,0.0,500.0,300.0,0.0,0.0,1000.0,0.0,0.0,1800.0
2019-07-21,0.0,0.0,0.0,300.0,0.0,0.0,0.0,0.0,0.0,300.0
2019-07-22,0.0,0.0,0.0,300.0,0.0,0.0,0.0,0.0,0.0,300.0
2019-07-24,0.0,0.0,0.0,300.0,0.0,0.0,1000.0,0.0,0.0,1300.0
2019-07-26,0.0,350.0,0.0,0.0,0.0,0.0,1000.0,0.0,0.0,1350.0
2019-07-29,1000.0,0.0,500.0,0.0,0.0,0.0,0.0,0.0,0.0,1500.0
2019-07-30,0.0,0.0,0.0,0.0,0.0,0.0,0.0,0.0,2000.0,2000.0
2019-08-01,1000.0,0.0,0.0,300.0,0.0,0.0,0.0,0.0,0.0,1300.0
2019-08-02,0.0,0.0,0.0,0.0,0.0,0.0,1000.0,0.0,0.0,1000.0
2019-08-03,1000.0,0.0,500.0,0.0,0.0,0.0,0.0,0.0,0.0,1500.0
2019-08-04,0.0,0.0,0.0,300.0,0.0,0.0,0.0,0.0,0.0,300.0
2019-08-08,0.0,2000.0,0.0,300.0,0.0,0.0,600.0,0.0,0.0,2900.0
2019-08-09,0.0,0.0,500.0,0.0,0.0,0.0,1000.0,0.0,0.0,1500.0
2019-08-11,0.0,0.0,500.0,0.0,0.0,0.0,1000.0,0.0,0.0,1500.0
2019-08-13,0.0,0.0,0.0,300.0,0.0,0.0,1000.0,0.0,610.0,1910.0
2019-08-14,0.0,0.0,0.0,300.0,0.0,0.0,1000.0,0.0,0.0,1300.0
2019-08-15,0.0,0.0,0.0,300.0,0.0,0.0,1000.0,0.0,0.0,1300.0
2019-08-16,0.0,0.0,0.0,0.0,0.0,0.0,1000.0,0.0,0.0,1000.0
2019-08-17,0.0,0.0,500.0,0.0,0.0,0.0,1000.0,0.0,0.0,1500.0
2019-08-18,0.0,0.0,0.0,300.0,0.0,0.0,1000.0,0.0,0.0,1300.0
2019-08-19,0.0,0.0,0.0,0.0,0.0,0.0,1000.0,500.0,1330.0,2830.0
2019-08-20,0.0,0.0,0.0,0.0,0.0,0.0,1000.0,0.0,0.0,1000.0
2019-08-23,0.0,0.0,0.0,0.0,0.0,0.0,1000.0,0.0,0.0,1000.0
2019-08-24,1000.0,0.0,0.0,300.0,0.0,0.0,0.0,0.0,0.0,1300.0
2019-08-25,0.0,0.0,500.0,0.0,0.0,0.0,1000.0,0.0,0.0,1500.0
2019-08-26,0.0,0.0,0.0,0.0,0.0,0.0,1000.0,0.0,0.0,1000.0
2019-08-27,460.0,0.0,500.0,0.0,0.0,0.0,1000.0,0.0,0.0,1960.0
2019-08-29,1000.0,0.0,0.0,0.0,0.0,0.0,1000.0,0.0,0.0,2000.0
2019-08-30,0.0,0.0,0.0,300.0,0.0,0.0,1000.0,0.0,0.0,1300.0
2019-08-31,0.0,0.0,0.0,300.0,0.0,0.0,1000.0,0.0,0.0,1300.0
2019-09-01,0.0,0.0,0.0,300.0,2000.0,0.0,580.0,0.0,0.0,2880.0
2019-09-02,0.0,0.0,0.0,300.0,0.0,0.0,0.0,0.0,0.0,300.0
2019-09-03,1000.0,0.0,0.0,0.0,0.0,0.0,1000.0,0.0,0.0,2000.0
2019-09-04,0.0,0.0,0.0,300.0,0.0,0.0,0.0,0.0,570.0,870.0
2019-09-05,1000.0,0.0,500.0,0.0,0.0,0.0,1000.0,0.0,0.0,2500.0
2019-09-06,0.0,0.0,0.0,0.0,0.0,0.0,1000.0,0.0,0.0,1000.0
2019-09-12,0.0,0.0,0.0,0.0,0.0,0.0,1000.0,0.0,0.0,1000.0
2019-09-13,0.0,0.0,0.0,300.0,0.0,0.0,710.0,0.0,0.0,1010.0
2019-09-15,0.0,0.0,0.0,0.0,0.0,0.0,0.0,0.0,2000.0,2000.0
2019-09-16,0.0,0.0,0.0,300.0,0.0,0.0,1000.0,0.0,1680.0,2980.0
2019-09-17,0.0,0.0,0.0,300.0,0.0,0.0,1000.0,0.0,0.0,1300.0
2019-09-18,0.0,0.0,0.0,300.0,0.0,0.0,1000.0,0.0,0.0,1300.0
2019-09-19,1000.0,0.0,0.0,0.0,0.0,0.0,1000.0,0.0,0.0,2000.0
2019-09-22,1000.0,0.0,0.0,0.0,0.0,0.0,1000.0,0.0,0.0,2000.0
2019-09-26,0.0,0.0,0.0,300.0,0.0,0.0,0.0,0.0,2000.0,2300.0
2019-09-27,0.0,0.0,0.0,300.0,0.0,0.0,1000.0,0.0,0.0,1300.0
2019-09-28,0.0,0.0,0.0,0.0,0.0,0.0,960.0,0.0,0.0,960.0
2019-09-29,0.0,0.0,500.0,300.0,0.0,0.0,1000.0,0.0,0.0,1800.0
2019-09-30,0.0,0.0,0.0,300.0,0.0,0.0,520.0,0.0,0.0,820.0
2019-10-03,1000.0,0.0,0.0,0.0,2000.0,0.0,0.0,0.0,0.0,3000.0
2019-10-04,0.0,0.0,500.0,0.0,0.0,0.0,1000.0,0.0,760.0,2260.0
2019-10-05,0.0,0.0,500.0,0.0,0.0,0.0,1000.0,1210.0,0.0,2710.0
2019-10-06,0.0,0.0,0.0,300.0,0.0,0.0,1000.0,0.0,0.0,1300.0
2019-10-08,0.0,0.0,0.0,300.0,0.0,0.0,1000.0,0.0,0.0,1300.0
2019-10-09,0.0,0.0,0.0,0.0,0.0,0.0,0.0,0.0,2000.0,2000.0
2019-10-10,0.0,0.0,0.0,300.0,0.0,0.0,1000.0,0.0,0.0,1300.0
2019-10-11,0.0,0.0,0.0,0.0,0.0,0.0,1000.0,0.0,0.0,1000.0
2019-10-12,0.0,0.0,0.0,300.0,0.0,0.0,1000.0,0.0,0.0,1300.0
2019-10-14,0.0,0.0,0.0,300.0,0.0,0.0,1000.0,0.0,0.0,1300.0
2019-10-15,0.0,0.0,0.0,0.0,0.0,0.0,1000.0,0.0,2000.0,3000.0
2019-10-16,0.0,0.0,0.0,300.0,0.0,0.0,0.0,0.0,1160.0,1460.0
2019-10-17,0.0,1150.0,0.0,0.0,0.0,0.0,0.0,0.0,0.0,1150.0
2019-10-18,0.0,0.0,0.0,300.0,0.0,0.0,1000.0,0.0,0.0,1300.0
2019-10-19,0.0,0.0,0.0,0.0,0.0,0.0,1000.0,0.0,0.0,1000.0
2019-10-22,0.0,0.0,0.0,300.0,0.0,0.0,1000.0,0.0,0.0,1300.0
2019-10-23,1000.0,0.0,500.0,300.0,0.0,0.0,0.0,0.0,0.0,1800.0
2019-10-24,0.0,0.0,0.0,300.0,0.0,0.0,0.0,0.0,2000.0,2300.0
2019-10-25,0.0,0.0,0.0,300.0,0.0,0.0,0.0,0.0,2000.0,2300.0
2019-10-26,0.0,0.0,0.0,300.0,0.0,0.0,0.0,0.0,0.0,300.0
2019-10-29,0.0,0.0,0.0,0.0,0.0,0.0,1000.0,690.0,0.0,1690.0
2019-11-04,1000.0,0.0,500.0,0.0,0.0,0.0,1000.0,0.0,0.0,2500.0
2019-11-05,0.0,0.0,500.0,0.0,0.0,0.0,0.0,0.0,0.0,500.0
2019-11-06,0.0,0.0,0.0,300.0,0.0,0.0,1000.0,0.0,0.0,1300.0
2019-11-07,0.0,0.0,0.0,300.0,0.0,0.0,1000.0,0.0,0.0,1300.0
2019-11-09,0.0,0.0,0.0,0.0,0.0,0.0,1000.0,0.0,1260.0,2260.0
2019-11-10,0.0,0.0,0.0,0.0,0.0,0.0,1000.0,0.0,0.0,1000.0
2019-11-11,1000.0,0.0,500.0,300.0,0.0,0.0,0.0,0.0,0.0,1800.0
2019-11-12,0.0,0.0,0.0,300.0,0.0,0.0,1000.0,0.0,350.0,1650.0
2019-11-14,0.0,0.0,0.0,0.0,0.0,0.0,1000.0,0.0,2000.0,3000.0
2019-11-16,0.0,0.0,0.0,0.0,2000.0,0.0,1000.0,0.0,0.0,3000.0
2019-11-17,1000.0,1400.0,0.0,0.0,0.0,0.0,0.0,0.0,0.0,2400.0
2019-11-18,0.0,0.0,0.0,300.0,0.0,0.0,0.0,0.0,0.0,300.0
2019-11-19,1000.0,0.0,0.0,300.0,0.0,0.0,1000.0,0.0,0.0,2300.0
2019-11-20,1000.0,0.0,0.0,0.0,0.0,0.0,0.0,0.0,0.0,1000.0
2019-11-22,1000.0,0.0,0.0,300.0,0.0,0.0,1000.0,0.0,0.0,2300.0
2019-11-23,1000.0,0.0,0.0,0.0,0.0,0.0,1000.0,0.0,760.0,2760.0
2019-11-24,0.0,0.0,500.0,300.0,0.0,0.0,1000.0,0.0,0.0,1800.0
2019-11-25,0.0,0.0,500.0,300.0,0.0,0.0,0.0,0.0,0.0,800.0
2019-11-28,1000.0,0.0,0.0,300.0,0.0,0.0,1000.0,0.0,0.0,2300.0
2019-11-30,0.0,0.0,500.0,300.0,0.0,0.0,1000.0,0.0,0.0,1800.0
2019-12-02,0.0,0.0,500.0,300.0,0.0,0.0,1000.0,0.0,0.0,1800.0
2019-12-03,0.0,0.0,0.0,0.0,0.0,0.0,1000.0,0.0,0.0,1000.0
2019-12-04,0.0,0.0,0.0,300.0,0.0,0.0,0.0,0.0,0.0,300.0
2019-12-05,0.0,0.0,0.0,300.0,0.0,0.0,1000.0,0.0,1020.0,2320.0
2019-12-06,1000.0,0.0,0.0,300.0,0.0,0.0,1000.0,0.0,0.0,2300.0
2019-12-07,0.0,0.0,0.0,0.0,0.0,0.0,1000.0,0.0,0.0,1000.0
2019-12-08,0.0,0.0,500.0,300.0,0.0,0.0,1000.0,0.0,0.0,1800.0
2019-12-09,0.0,0.0,0.0,0.0,0.0,0.0,1000.0,0.0,0.0,1000.0
2019-12-10,0.0,0.0,0.0,300.0,0.0,0.0,1000.0,0.0,0.0,1300.0
2019-12-11,640.0,0.0,0.0,0.0,0.0,0.0,0.0,0.0,0.0,640.0
2019-12-12,0.0,0.0,0.0,0.0,2000.0,0.0,1000.0,0.0,0.0,3000.0
2019-12-14,0.0,0.0,0.0,300.0,0.0,0.0,1000.0,0.0,0.0,1300.0
2019-12-16,1000.0,0.0,0.0,300.0,0.0,0.0,870.0,0.0,0.0,2170.0
2019-12-17,1000.0,0.0,0.0,300.0,0.0,0.0,1000.0,0.0,0.0,2300.0
2019-12-18,0.0,0.0,0.0,300.0,0.0,0.0,1000.0,0.0,0.0,1300.0
2019-12-20,0.0,0.0,500.0,300.0,0.0,0.0,1000.0,0.0,0.0,1800.0
2019-12-21,0.0,0.0,0.0,0.0,0.0,0.0,1000.0,0.0,0.0,1000.0
2019-12-23,0.0,0.0,0.0,300.0,0.0,0.0,0.0,0.0,0.0,300.0
2019-12-24,0.0,0.0,0.0,0.0,0.0,0.0,1000.0,0.0,0.0,1000.0
2019-12-25,0.0,0.0,0.0,0.0,2000.0,0.0,1000.0,0.0,0.0,3000.0
2019-12-27,1000.0,0.0,0.0,0.0,0.0,0.0,1000.0,0.0,0.0,2000.0
2019-12-28,0.0,0.0,500.0,0.0,0.0,0.0,1000.0,0.0,0.0,1500.0
2019-12-30,1000.0,0.0,500.0,0.0,0.0,0.0,1000.0,0.0,0.0,2500.0
2019-12-31,0.0,0.0,0.0,300.0,0.0,0.0,1000.0,0.0,0.0,1300.0
2020-01-01,0.0,0.0,0.0,0.0,0.0,0.0,0.0,0.0,2000.0,2000.0
2020-01-03,0.0,0.0,0.0,0.0,0.0,0.0,0.0,0.0,650.0,650.0
2020-01-06,0.0,0.0,0.0,0.0,1580.0,0.0,0.0,0.0,0.0,1580.0
2020-01-08,0.0,0.0,0.0,300.0,2000.0,0.0,0.0,0.0,0.0,2300.0
2020-01-09,0.0,0.0,500.0,300.0,0.0,0.0,0.0,0.0,2000.0,2800.0
2020-01-10,0.0,0.0,0.0,300.0,0.0,0.0,1000.0,0.0,0.0,1300.0
2020-01-11,1000.0,2000.0,0.0,0.0,0.0,0.0,0.0,0.0,0.0,3000.0
2020-01-14,0.0,0.0,500.0,300.0,430.0,0.0,0.0,0.0,0.0,1230.0
2020-01-15,0.0,0.0,0.0,0.0,0.0,0.0,1000.0,0.0,0.0,1000.0
2020-01-16,0.0,0.0,0.0,0.0,0.0,0.0,1000.0,0.0,0.0,1000.0
2020-01-17,0.0,0.0,0.0,300.0,0.0,0.0,1000.0,0.0,0.0,1300.0
2020-01-21,0.0,0.0,0.0,0.0,0.0,0.0,1000.0,0.0,0.0,1000.0
2020-01-22,0.0,0.0,0.0,300.0,0.0,0.0,0.0,0.0,0.0,300.0
2020-01-23,0.0,0.0,0.0,300.0,0.0,0.0,0.0,0.0,0.0,300.0
2020-01-26,0.0,0.0,500.0,300.0,0.0,0.0,0.0,0.0,0.0,800.0
2020-01-27,0.0,0.0,0.0,0.0,0.0,0.0,1000.0,0.0,530.0,1530.0
2020-01-28,0.0,0.0,0.0,300.0,0.0,0.0,1000.0,0.0,0.0,1300.0
2020-01-29,1000.0,1280.0,0.0,300.0,0.0,0.0,0.0,0.0,0.0,2580.0
2020-01-30,1000.0,0.0,0.0,300.0,0.0,0.0,0.0,0.0,0.0,1300.0
2020-01-31,1000.0,0.0,500.0,300.0,0.0,0.0,1000.0,0.0,0.0,2800.0
2020-02-01,0.0,0.0,0.0,300.0,0.0,0.0,0.0,0.0,0.0,300.0
2020-02-02,1000.0,0.0,0.0,0.0,0.0,0.0,0.0,0.0,2000.0,3000.0
2020-02-05,1000.0,0.0,0.0,300.0,0.0,0.0,1000.0,0.0,0.0,2300.0
2020-02-06,0.0,0.0,0.0,0.0,0.0,0.0,1000.0,0.0,1190.0,2190.0
2020-02-10,0.0,0.0,500.0,300.0,0.0,0.0,1000.0,0.0,0.0,1800.0
2020-02-11,0.0,0.0,0.0,300.0,0.0,0.0,1000.0,0.0,0.0,1300.0
2020-02-12,0.0,0.0,0.0,300.0,0.0,0.0,540.0,0.0,0.0,840.0
2020-02-13,0.0,0.0,0.0,0.0,0.0,0.0,1000.0,0.0,0.0,1000.0
2020-02-14,0.0,0.0,0.0,300.0,0.0,0.0,1000.0,0.0,0.0,1300.0
2020-02-18,0.0,0.0,0.0,300.0,0.0,0.0,0.0,0.0,0.0,300.0
2020-02-22,0.0,0.0,500.0,300.0,0.0,0.0,1000.0,0.0,0.0,1800.0
2020-02-25,0.0,0.0,500.0,0.0,0.0,0.0,0.0,0.0,0.0,500.0
2020-02-26,0.0,0.0,0.0,0.0,0.0,0.0,1000.0,0.0,0.0,1000.0
2020-02-28,0.0,0.0,500.0,0.0,0.0,0.0,1000.0,0.0,0.0,1500.0
2020-03-01,1000.0,0.0,500.0,300.0,0.0,0.0,1000.0,0.0,0.0,2800.0
2020-03-03,0.0,0.0,0.0,0.0,0.0,0.0,1000.0,0.0,0.0,1000.0
2020-03-04,1000.0,0.0,500.0,0.0,0.0,0.0,1000.0,0.0,0.0,2500.0
2020-03-05,0.0,2000.0,0.0,0.0,0.0,0.0,1000.0,0.0,0.0,3000.0
2020-03-06,0.0,0.0,500.0,0.0,0.0,0.0,0.0,0.0,0.0,500.0
2020-03-08,0.0,0.0,0.0,300.0,0.0,0.0,0.0,0.0,0.0,300.0
2020-03-10,1000.0,0.0,0.0,0.0,0.0,0.0,0.0,0.0,0.0,1000.0
2020-03-11,0.0,2000.0,0.0,0.0,0.0,0.0,1000.0,0.0,0.0,3000.0
2020-03-12,0.0,0.0,150.0,0.0,0.0,0.0,0.0,0.0,0.0,150.0
2020-03-13,1000.0,0.0,0.0,0.0,0.0,0.0,1000.0,0.0,0.0,2000.0
2020-03-14,1000.0,0.0,0.0,300.0,0.0,0.0,0.0,0.0,0.0,1300.0
2020-03-15,0.0,0.0,0.0,300.0,0.0,0.0,1000.0,0.0,0.0,1300.0
2020-03-17,0.0,0.0,0.0,300.0,0.0,0.0,1000.0,0.0,0.0,1300.0
2020-03-18,0.0,0.0,0.0,300.0,2000.0,0.0,0.0,0.0,0.0,2300.0
2020-03-19,1000.0,0.0,0.0,300.0,0.0,0.0,1000.0,0.0,0.0,2300.0
2020-03-23,0.0,0.0,0.0,300.0,0.0,0.0,0.0,0.0,2000.0,2300.0
2020-03-25,0.0,0.0,0.0,300.0,0.0,0.0,0.0,0.0,2000.0,2300.0
2020-03-28,1000.0,0.0,0.0,0.0,0.0,0.0,690.0,0.0,0.0,1690.0
2020-03-30,1000.0,0.0,0.0,0.0,0.0,0.0,0.0,0.0,2000.0,3000.0
2020-03-31,0.0,0.0,0.0,0.0,0.0,0.0,1000.0,0.0,0.0,1000.0
2020-04-01,0.0,0.0,500.0,300.0,0.0,0.0,0.0,0.0,0.0,800.0
2020-04-02,1000.0,0.0,500.0,300.0,0.0,0.0,0.0,0.0,0.0,1800.0
2020-04-05,0.0,0.0,0.0,300.0,0.0,0.0,1000.0,0.0,0.0,1300.0
2020-04-06,0.0,0.0,500.0,300.0,0.0,0.0,1000.0,0.0,0.0,1800.0
2020-04-07,0.0,0.0,0.0,0.0,0.0,0.0,1000.0,0.0,0.0,1000.0
2020-04-09,1000.0,0.0,500.0,0.0,0.0,0.0,0.0,0.0,0.0,1500.0
2020-04-10,1000.0,0.0,0.0,280.0,0.0,0.0,1000.0,0.0,0.0,2280.0
2020-04-11,0.0,1080.0,500.0,0.0,0.0,0.0,0.0,0.0,0.0,1580.0
2020-04-12,0.0,0.0,0.0,0.0,0.0,0.0,1000.0,0.0,0.0,1000.0
2020-04-13,0.0,0.0,500.0,300.0,0.0,0.0,0.0,0.0,0.0,800.0
2020-04-14,0.0,0.0,0.0,300.0,0.0,0.0,1000.0,0.0,0.0,1300.0
2020-04-16,1000.0,0.0,0.0,0.0,0.0,0.0,0.0,0.0,0.0,1000.0
2020-04-18,0.0,0.0,0.0,300.0,0.0,0.0,0.0,0.0,0.0,300.0
2020-04-20,1000.0,0.0,0.0,0.0,0.0,0.0,0.0,0.0,420.0,1420.0
2020-04-21,0.0,0.0,500.0,0.0,0.0,0.0,1000.0,0.0,0.0,1500.0
2020-04-22,0.0,0.0,0.0,300.0,0.0,0.0,0.0,0.0,0.0,300.0
2020-04-24,420.0,0.0,0.0,0.0,0.0,0.0,1000.0,0.0,0.0,1420.0
2020-04-26,0.0,0.0,0.0,0.0,0.0,0.0,0.0,0.0,2000.0,2000.0
2020-04-29,0.0,0.0,0.0,0.0,0.0,0.0,1000.0,0.0,1840.0,2840.0
2020-04-30,0.0,0.0,500.0,0.0,0.0,0.0,1000.0,0.0,0.0,1500.0
2020-05-02,0.0,0.0,0.0,0.0,0.0,0.0,1000.0,0.0,0.0,1000.0
2020-05-03,0.0,0.0,500.0,300.0,0.0,0.0,0.0,0.0,0.0,800.0
2020-05-04,0.0,0.0,0.0,300.0,0.0,0.0,1000.0,0.0,0.0,1300.0
2020-05-05,0.0,0.0,500.0,0.0,0.0,0.0,1000.0,0.0,970.0,2470.0
2020-05-06,0.0,0.0,500.0,0.0,0.0,0.0,0.0,0.0,0.0,500.0
2020-05-08,0.0,0.0,0.0,300.0,0.0,0.0,1000.0,0.0,0.0,1300.0
2020-05-10,0.0,0.0,0.0,0.0,0.0,0.0,1000.0,0.0,2000.0,3000.0
2020-05-11,0.0,0.0,500.0,0.0,0.0,0.0,1000.0,0.0,0.0,1500.0
2020-05-12,0.0,0.0,500.0,0.0,0.0,0.0,1000.0,0.0,1120.0,2620.0
2020-05-13,0.0,0.0,500.0,0.0,0.0,0.0,0.0,0.0,0.0,500.0
2020-05-14,0.0,0.0,0.0,0.0,2000.0,0.0,0.0,0.0,0.0,2000.0
2020-05-15,1000.0,0.0,0.0,300.0,0.0,0.0,0.0,0.0,0.0,1300.0
2020-05-17,1000.0,0.0,0.0,0.0,0.0,0.0,1000.0,0.0,0.0,2000.0
2020-05-18,0.0,0.0,0.0,300.0,0.0,0.0,1000.0,0.0,0.0,1300.0
2020-05-20,0.0,0.0,0.0,0.0,0.0,0.0,1000.0,0.0,0.0,1000.0
2020-05-22,1000.0,0.0,0.0,300.0,0.0,0.0,1000.0,0.0,0.0,2300.0
2020-05-23,780.0,0.0,0.0,0.0,0.0,0.0,0.0,0.0,0.0,780.0
2020-05-24,0.0,0.0,0.0,300.0,0.0,0.0,0.0,0.0,0.0,300.0
2020-05-26,0.0,0.0,0.0,0.0,0.0,0.0,1000.0,0.0,2000.0,3000.0
2020-05-28,0.0,0.0,0.0,300.0,0.0,0.0,1000.0,0.0,0.0,1300.0
2020-05-29,0.0,0.0,0.0,300.0,0.0,0.0,1000.0,0.0,0.0,1300.0
2020-05-31,0.0,0.0,0.0,0.0,0.0,0.0,1000.0,0.0,0.0,1000.0
2020-06-03,0.0,0.0,500.0,0.0,0.0,0.0,1000.0,0.0,0.0,1500.0
2020-06-05,0.0,0.0,0.0,0.0,0.0,0.0,1000.0,0.0,0.0,1000.0
2020-06-06,0.0,0.0,0.0,0.0,0.0,0.0,1000.0,0.0,0.0,1000.0
2020-06-07,1000.0,0.0,0.0,300.0,650.0,0.0,0.0,0.0,0.0,1950.0
2020-06-08,0.0,0.0,500.0,300.0,0.0,0.0,0.0,0.0,0.0,800.0
2020-06-09,0.0,0.0,500.0,0.0,0.0,0.0,0.0,900.0,0.0,1400.0
2020-06-10,0.0,0.0,0.0,300.0,0.0,0.0,1000.0,0.0,0.0,1300.0
2020-06-12,0.0,0.0,0.0,0.0,0.0,0.0,1000.0,0.0,0.0,1000.0
2020-06-14,0.0,0.0,0.0,300.0,0.0,0.0,1000.0,0.0,0.0,1300.0
2020-06-15,0.0,0.0,0.0,0.0,0.0,0.0,1000.0,0.0,0.0,1000.0
2020-06-16,0.0,0.0,0.0,300.0,0.0,0.0,1000.0,0.0,0.0,1300.0
2020-06-17,0.0,0.0,500.0,0.0,0.0,0.0,0.0,0.0,0.0,500.0
2020-06-18,0.0,0.0,0.0,0.0,0.0,0.0,1000.0,0.0,0.0,1000.0
2020-06-19,0.0,0.0,0.0,300.0,0.0,0.0,1000.0,0.0,0.0,1300.0
2020-06-20,0.0,1610.0,0.0,300.0,0.0,0.0,0.0,0.0,0.0,1910.0
2020-06-21,0.0,0.0,0.0,300.0,0.0,0.0,1000.0,0.0,0.0,1300.0
2020-06-23,1000.0,0.0,0.0,300.0,0.0,0.0,0.0,0.0,0.0,1300.0
2020-06-24,0.0,0.0,0.0,0.0,0.0,0.0,1000.0,0.0,0.0,1000.0
2020-06-25,0.0,0.0,0.0,0.0,0.0,0.0,1000.0,0.0,0.0,1000.0
2020-06-26,0.0,0.0,0.0,0.0,0.0,0.0,0.0,0.0,2000.0,2000.0
2020-06-27,0.0,0.0,500.0,0.0,0.0,0.0,0.0,0.0,2000.0,2500.0
2020-06-29,0.0,0.0,0.0,0.0,0.0,0.0,1000.0,0.0,0.0,1000.0
2020-06-30,0.0,0.0,0.0,0.0,0.0,0.0,1000.0,0.0,0.0,1000.0
2020-07-02,0.0,0.0,500.0,300.0,0.0,0.0,0.0,0.0,1290.0,2090.0
2020-07-03,0.0,0.0,0.0,0.0,0.0,0.0,1000.0,0.0,2000.0,3000.0
2020-07-04,0.0,560.0,0.0,300.0,0.0,0.0,1000.0,0.0,0.0,1860.0
2020-07-05,0.0,0.0,0.0,0.0,0.0,0.0,0.0,0.0,1220.0,1220.0
2020-07-06,0.0,0.0,500.0,300.0,0.0,0.0,1000.0,0.0,0.0,1800.0
2020-07-08,0.0,0.0,500.0,0.0,0.0,0.0,530.0,0.0,0.0,1030.0
2020-07-10,0.0,0.0,0.0,300.0,0.0,0.0,0.0,0.0,2000.0,2300.0
2020-07-11,0.0,0.0,0.0,0.0,0.0,0.0,0.0,0.0,2000.0,2000.0
2020-07-12,780.0,0.0,0.0,300.0,0.0,0.0,1000.0,0.0,0.0,2080.0
2020-07-13,0.0,0.0,0.0,300.0,0.0,0.0,1000.0,0.0,0.0,1300.0
2020-07-16,0.0,0.0,500.0,300.0,0.0,0.0,330.0,0.0,0.0,1130.0
2020-07-20,1000.0,0.0,0.0,300.0,0.0,0.0,740.0,0.0,0.0,2040.0
2020-07-22,0.0,0.0,500.0,0.0,0.0,0.0,1000.0,0.0,0.0,1500.0
2020-07-23,0.0,0.0,500.0,0.0,0.0,0.0,0.0,0.0,0.0,500.0
2020-07-24,770.0,0.0,500.0,300.0,0.0,0.0,1000.0,0.0,0.0,2570.0
2020-07-25,0.0,0.0,0.0,0.0,0.0,0.0,1000.0,0.0,0.0,1000.0
2020-07-27,0.0,0.0,500.0,300.0,0.0,0.0,1000.0,0.0,0.0,1800.0
2020-07-29,1000.0,0.0,0.0,300.0,0.0,0.0,1000.0,0.0,0.0,2300.0
2020-07-31,0.0,0.0,0.0,0.0,0.0,0.0,1000.0,0.0,2000.0,3000.0
2020-08-01,0.0,0.0,0.0,300.0,0.0,0.0,1000.0,0.0,0.0,1300.0
2020-08-02,0.0,0.0,500.0,300.0,0.0,0.0,1000.0,0.0,0.0,1800.0
2020-08-04,0.0,0.0,0.0,0.0,0.0,0.0,1000.0,0.0,0.0,1000.0
2020-08-05,1000.0,0.0,0.0,300.0,0.0,0.0,0.0,0.0,0.0,1300.0
2020-08-06,0.0,0.0,0.0,300.0,0.0,0.0,1000.0,0.0,0.0,1300.0
2020-08-07,0.0,0.0,0.0,300.0,0.0,0.0,0.0,0.0,0.0,300.0
2020-08-08,0.0,0.0,500.0,0.0,1070.0,0.0,0.0,0.0,0.0,1570.0
2020-08-09,0.0,0.0,0.0,0.0,0.0,0.0,1000.0,0.0,0.0,1000.0
2020-08-10,0.0,0.0,0.0,0.0,0.0,0.0,1000.0,0.0,0.0,1000.0
2020-08-11,1000.0,0.0,0.0,300.0,0.0,0.0,0.0,0.0,0.0,1300.0
2020-08-13,0.0,0.0,0.0,300.0,0.0,0.0,1000.0,0.0,0.0,1300.0
2020-08-15,0.0,0.0,0.0,300.0,0.0,0.0,0.0,0.0,2000.0,2300.0
2020-08-16,0.0,0.0,0.0,300.0,0.0,0.0,1000.0,0.0,0.0,1300.0
2020-08-17,0.0,0.0,0.0,300.0,0.0,0.0,1000.0,0.0,0.0,1300.0
2020-08-18,0.0,0.0,0.0,300.0,0.0,0.0,0.0,0.0,2000.0,2300.0
2020-08-20,0.0,0.0,0.0,0.0,0.0,0.0,1000.0,0.0,0.0,1000.0
2020-08-23,1000.0,0.0,0.0,0.0,0.0,0.0,1000.0,0.0,0.0,2000.0
2020-08-26,0.0,0.0,0.0,300.0,0.0,0.0,0.0,0.0,0.0,300.0
2020-08-28,0.0,0.0,500.0,300.0,0.0,0.0,0.0,0.0,0.0,800.0
2020-08-30,1000.0,0.0,0.0,0.0,0.0,0.0,1000.0,0.0,0.0,2000.0
2020-09-02,0.0,0.0,500.0,300.0,0.0,0.0,0.0,0.0,0.0,800.0
2020-09-03,0.0,0.0,500.0,300.0,0.0,0.0,1000.0,0.0,0.0,1800.0
2020-09-06,0.0,0.0,0.0,300.0,0.0,0.0,0.0,0.0,2000.0,2300.0
2020-09-08,0.0,0.0,500.0,300.0,0.0,0.0,0.0,0.0,0.0,800.0
2020-09-12,0.0,0.0,0.0,300.0,0.0,0.0,1000.0,0.0,0.0,1300.0
2020-09-14,1000.0,0.0,500.0,0.0,0.0,0.0,0.0,0.0,0.0,1500.0
2020-09-15,0.0,0.0,0.0,300.0,0.0,0.0,0.0,0.0,0.0,300.0
2020-09-17,0.0,840.0,0.0,260.0,0.0,0.0,1000.0,0.0,0.0,2100.0
2020-09-19,0.0,0.0,0.0,0.0,0.0,0.0,1000.0,0.0,2000.0,3000.0
2020-09-20,1000.0,0.0,500.0,0.0,0.0,0.0,1000.0,0.0,0.0,2500.0
2020-09-21,0.0,870.0,0.0,300.0,0.0,0.0,1000.0,0.0,0.0,2170.0
2020-09-22,0.0,0.0,0.0,300.0,2000.0,0.0,0.0,0.0,0.0,2300.0
2020-09-23,0.0,0.0,0.0,300.0,0.0,0.0,1000.0,0.0,0.0,1300.0
2020-09-25,0.0,1320.0,0.0,300.0,0.0,0.0,1000.0,0.0,0.0,2620.0
2020-09-30,0.0,2000.0,0.0,0.0,0.0,0.0,1000.0,0.0,0.0,3000.0
2020-10-02,1000.0,0.0,0.0,0.0,0.0,0.0,0.0,0.0,0.0,1000.0
2020-10-03,470.0,0.0,0.0,0.0,0.0,0.0,0.0,0.0,0.0,470.0
2020-10-06,0.0,0.0,0.0,0.0,0.0,0.0,1000.0,1110.0,0.0,2110.0
2020-10-07,1000.0,0.0,0.0,300.0,0.0,0.0,0.0,0.0,0.0,1300.0
2020-10-08,0.0,0.0,0.0,300.0,0.0,0.0,0.0,0.0,0.0,300.0
2020-10-09,1000.0,0.0,0.0,300.0,0.0,0.0,1000.0,0.0,0.0,2300.0
2020-10-10,0.0,0.0,500.0,0.0,0.0,0.0,1000.0,0.0,0.0,1500.0
2020-10-11,1000.0,0.0,0.0,0.0,0.0,0.0,0.0,0.0,0.0,1000.0
2020-10-12,1000.0,0.0,0.0,300.0,0.0,0.0,1000.0,0.0,0.0,2300.0
2020-10-13,0.0,0.0,0.0,300.0,0.0,0.0,1000.0,0.0,0.0,1300.0
2020-10-14,1000.0,0.0,0.0,0.0,0.0,0.0,1000.0,0.0,0.0,2000.0
2020-10-16,1000.0,0.0,0.0,300.0,0.0,0.0,1000.0,0.0,0.0,2300.0
2020-10-17,0.0,0.0,500.0,300.0,0.0,0.0,0.0,0.0,0.0,800.0
2020-10-18,1000.0,0.0,0.0,300.0,0.0,0.0,1000.0,0.0,0.0,2300.0
2020-10-19,0.0,0.0,0.0,0.0,0.0,0.0,1000.0,0.0,0.0,1000.0
2020-10-22,0.0,0.0,0.0,0.0,0.0,0.0,1000.0,0.0,600.0,1600.0
2020-10-24,0.0,0.0,0.0,0.0,0.0,0.0,1000.0,0.0,2000.0,3000.0
2020-10-25,0.0,0.0,0.0,300.0,0.0,0.0,1000.0,0.0,0.0,1300.0
2020-10-26,0.0,0.0,500.0,0.0,0.0,0.0,1000.0,0.0,0.0,1500.0
2020-10-27,0.0,0.0,0.0,0.0,0.0,0.0,0.0,0.0,850.0,850.0
2020-10-28,0.0,0.0,0.0,300.0,0.0,0.0,1000.0,0.0,0.0,1300.0
2020-10-29,0.0,0.0,0.0,0.0,0.0,0.0,1000.0,0.0,2000.0,3000.0
2020-10-30,0.0,0.0,0.0,0.0,0.0,0.0,1000.0,0.0,2000.0,3000.0
2020-11-01,0.0,0.0,0.0,300.0,0.0,0.0,0.0,1360.0,0.0,1660.0
2020-11-02,0.0,0.0,0.0,300.0,0.0,0.0,0.0,0.0,2000.0,2300.0
2020-11-03,0.0,370.0,0.0,0.0,0.0,0.0,1000.0,0.0,0.0,1370.0
2020-11-06,1000.0,0.0,0.0,0.0,2000.0,0.0,0.0,0.0,0.0,3000.0
2020-11-07,1000.0,0.0,0.0,300.0,0.0,0.0,1000.0,0.0,0.0,2300.0
2020-11-09,0.0,0.0,0.0,0.0,0.0,0.0,1000.0,0.0,0.0,1000.0
2020-11-10,0.0,0.0,0.0,0.0,0.0,0.0,1000.0,0.0,0.0,1000.0
2020-11-11,1000.0,0.0,500.0,0.0,0.0,0.0,1000.0,0.0,0.0,2500.0
2020-11-12,0.0,0.0,0.0,0.0,0.0,0.0,1000.0,0.0,0.0,1000.0
2020-11-14,0.0,0.0,500.0,0.0,0.0,0.0,0.0,0.0,0.0,500.0
2020-11-15,0.0,0.0,0.0,0.0,0.0,0.0,1000.0,0.0,0.0,1000.0
2020-11-16,0.0,0.0,0.0,300.0,0.0,0.0,0.0,0.0,1750.0,2050.0
2020-11-18,1000.0,0.0,0.0,0.0,0.0,0.0,1000.0,0.0,0.0,2000.0
2020-11-19,0.0,0.0,500.0,300.0,0.0,0.0,1000.0,0.0,0.0,1800.0
2020-11-21,0.0,0.0,0.0,0.0,0.0,0.0,1000.0,0.0,2000.0,3000.0
2020-11-25,1000.0,0.0,0.0,0.0,0.0,0.0,1000.0,0.0,0.0,2000.0
2020-11-26,0.0,0.0,0.0,0.0,0.0,0.0,1000.0,0.0,0.0,1000.0
2020-11-28,0.0,0.0,0.0,300.0,0.0,0.0,1000.0,0.0,0.0,1300.0
2020-11-29,370.0,0.0,0.0,300.0,0.0,0.0,0.0,0.0,0.0,670.0
2020-11-30,0.0,0.0,0.0,0.0,0.0,0.0,890.0,0.0,0.0,890.0
2020-12-01,1000.0,0.0,0.0,300.0,0.0,0.0,0.0,0.0,0.0,1300.0
2020-12-03,1000.0,0.0,0.0,300.0,0.0,0.0,0.0,0.0,0.0,1300.0
2020-12-04,0.0,0.0,0.0,300.0,0.0,0.0,1000.0,0.0,0.0,1300.0
2020-12-05,0.0,0.0,0.0,0.0,0.0,0.0,0.0,0.0,2000.0,2000.0
2020-12-08,0.0,0.0,0.0,300.0,0.0,0.0,0.0,0.0,0.0,300.0
2020-12-09,0.0,0.0,0.0,300.0,0.0,0.0,0.0,0.0,160.0,460.0
2020-12-14,0.0,0.0,500.0,300.0,0.0,0.0,1000.0,0.0,0.0,1800.0
2020-12-15,0.0,0.0,0.0,300.0,0.0,0.0,1000.0,0.0,0.0,1300.0
2020-12-17,0.0,0.0,0.0,300.0,0.0,0.0,1000.0,0.0,0.0,1300.0
2020-12-20,0.0,0.0,0.0,0.0,0.0,0.0,1000.0,0.0,2000.0,3000.0
2020-12-21,0.0,0.0,0.0,0.0,0.0,0.0,1000.0,0.0,0.0,1000.0
2020-12-24,0.0,0.0,0.0,300.0,0.0,0.0,1000.0,0.0,0.0,1300.0
2020-12-25,0.0,0.0,0.0,300.0,0.0,0.0,0.0,0.0,0.0,300.0
2020-12-27,0.0,0.0,0.0,0.0,0.0,0.0,1000.0,0.0,0.0,1000.0
2020-12-28,0.0,0.0,0.0,300.0,0.0,0.0,1000.0,0.0,0.0,1300.0
2020-12-29,0.0,690.0,500.0,300.0,0.0,0.0,0.0,0.0,0.0,1490.0
2021-01-11,1000.0,0.0,0.0,0.0,0.0,0.0,1000.0,0.0,390.0,2390.0
2021-01-17,1000.0,0.0,0.0,300.0,0.0,0.0,1000.0,0.0,0.0,2300.0
2021-01-18,0.0,0.0,0.0,300.0,0.0,0.0,1000.0,0.0,0.0,1300.0
2021-01-19,0.0,0.0,0.0,300.0,0.0,0.0,1000.0,0.0,0.0,1300.0
2021-01-20,1000.0,0.0,0.0,300.0,0.0,0.0,1000.0,0.0,0.0,2300.0
2021-01-21,0.0,0.0,0.0,0.0,0.0,0.0,1000.0,0.0,2000.0,3000.0
2021-01-22,0.0,0.0,0.0,300.0,0.0,0.0,0.0,0.0,0.0,300.0
2021-01-24,0.0,0.0,0.0,300.0,0.0,0.0,1000.0,0.0,0.0,1300.0
2021-01-26,1000.0,0.0,500.0,0.0,0.0,0.0,1000.0,0.0,0.0,2500.0
2021-01-29,0.0,0.0,0.0,300.0,0.0,0.0,1000.0,0.0,0.0,1300.0
2021-02-03,1000.0,0.0,0.0,300.0,0.0,0.0,1000.0,0.0,0.0,2300.0
2021-02-04,1000.0,0.0,0.0,300.0,0.0,0.0,1000.0,0.0,0.0,2300.0
2021-02-05,0.0,0.0,500.0,0.0,0.0,0.0,1000.0,0.0,0.0,1500.0
2021-02-07,1000.0,0.0,0.0,300.0,0.0,0.0,1000.0,0.0,0.0,2300.0
2021-02-09,0.0,0.0,0.0,0.0,0.0,0.0,1000.0,0.0,0.0,1000.0
2021-02-14,0.0,0.0,0.0,300.0,0.0,0.0,1000.0,0.0,0.0,1300.0
2021-02-16,0.0,0.0,0.0,0.0,0.0,0.0,1000.0,0.0,0.0,1000.0
2021-02-19,1000.0,0.0,0.0,0.0,0.0,0.0,1000.0,0.0,0.0,2000.0
2021-02-27,1000.0,0.0,0.0,300.0,0.0,0.0,1000.0,0.0,0.0,2300.0
2021-03-04,1000.0,0.0,500.0,300.0,0.0,0.0,1000.0,0.0,0.0,2800.0
2021-03-05,0.0,0.0,0.0,300.0,0.0,0.0,1000.0,0.0,0.0,1300.0
2021-03-06,1000.0,0.0,500.0,300.0,0.0,0.0,1000.0,0.0,0.0,2800.0
2021-03-07,0.0,0.0,0.0,300.0,0.0,0.0,1000.0,0.0,0.0,1300.0
2021-03-15,0.0,0.0,500.0,300.0,0.0,0.0,1000.0,0.0,0.0,1800.0
2021-03-20,0.0,0.0,0.0,300.0,2000.0,0.0,0.0,0.0,0.0,2300.0
2021-03-24,1000.0,0.0,0.0,0.0,0.0,0.0,0.0,0.0,2000.0,3000.0
2021-03-26,0.0,0.0,500.0,300.0,0.0,0.0,1000.0,0.0,0.0,1800.0
2021-03-28,0.0,0.0,0.0,0.0,0.0,0.0,1000.0,0.0,0.0,1000.0
2021-03-31,1000.0,0.0,0.0,0.0,0.0,0.0,1000.0,0.0,0.0,2000.0
2021-04-01,0.0,0.0,500.0,300.0,0.0,0.0,1000.0,340.0,0.0,2140.0
2021-04-04,1000.0,0.0,0.0,300.0,0.0,0.0,1000.0,0.0,0.0,2300.0
2021-04-09,1000.0,0.0,0.0,0.0,0.0,0.0,1000.0,0.0,0.0,2000.0
2021-04-12,0.0,0.0,500.0,300.0,0.0,0.0,1000.0,0.0,0.0,1800.0
2021-04-13,0.0,0.0,500.0,0.0,0.0,0.0,1000.0,0.0,0.0,1500.0
2021-04-15,220.0,0.0,500.0,300.0,0.0,0.0,1000.0,0.0,0.0,2020.0
2021-04-17,1000.0,0.0,0.0,0.0,0.0,0.0,1000.0,0.0,0.0,2000.0
2021-04-19,1000.0,0.0,0.0,300.0,0.0,0.0,1000.0,0.0,0.0,2300.0
2021-04-20,0.0,0.0,500.0,300.0,0.0,0.0,1000.0,0.0,0.0,1800.0
2021-04-21,0.0,0.0,500.0,300.0,0.0,0.0,1000.0,0.0,0.0,1800.0
2021-04-25,1000.0,0.0,0.0,0.0,0.0,0.0,1000.0,0.0,0.0,2000.0
2021-04-26,1000.0,0.0,500.0,300.0,0.0,0.0,1000.0,0.0,0.0,2800.0
2021-05-01,1000.0,0.0,0.0,300.0,0.0,0.0,1000.0,0.0,0.0,2300.0
2021-05-03,0.0,0.0,500.0,0.0,0.0,0.0,1000.0,0.0,0.0,1500.0
2021-05-09,0.0,0.0,500.0,0.0,0.0,0.0,1000.0,0.0,0.0,1500.0
2021-05-10,1000.0,0.0,0.0,300.0,0.0,0.0,1000.0,0.0,510.0,2810.0
2021-05-11,1000.0,0.0,0.0,0.0,0.0,0.0,1000.0,0.0,0.0,2000.0
2021-05-17,1000.0,0.0,0.0,0.0,0.0,0.0,1000.0,0.0,0.0,2000.0
2021-05-19,0.0,0.0,0.0,300.0,0.0,0.0,0.0,0.0,2000.0,2300.0
2021-05-20,1000.0,0.0,0.0,300.0,0.0,0.0,1000.0,0.0,0.0,2300.0
2021-05-24,0.0,0.0,0.0,300.0,0.0,0.0,1000.0,0.0,0.0,1300.0
2021-06-05,1000.0,0.0,0.0,300.0,0.0,0.0,1000.0,0.0,0.0,2300.0
2021-06-09,1000.0,0.0,500.0,0.0,0.0,0.0,1000.0,0.0,0.0,2500.0
2021-06-12,0.0,0.0,0.0,0.0,0.0,0.0,1000.0,0.0,2000.0,3000.0
2021-06-13,1000.0,0.0,0.0,300.0,0.0,0.0,1000.0,0.0,0.0,2300.0
2021-06-17,0.0,0.0,0.0,300.0,0.0,0.0,1000.0,0.0,0.0,1300.0
2021-06-18,0.0,0.0,0.0,300.0,0.0,0.0,1000.0,0.0,0.0,1300.0
2021-06-22,1000.0,0.0,0.0,300.0,0.0,0.0,1000.0,0.0,0.0,2300.0
2021-06-26,1000.0,0.0,0.0,300.0,0.0,0.0,1000.0,0.0,0.0,2300.0
2021-07-08,0.0,0.0,0.0,0.0,0.0,0.0,1000.0,0.0,2000.0,3000.0
2021-07-11,1000.0,0.0,500.0,300.0,0.0,0.0,1000.0,0.0,0.0,2800.0
2021-07-13,0.0,0.0,0.0,0.0,0.0,0.0,1000.0,0.0,2000.0,3000.0
2021-07-14,0.0,0.0,0.0,300.0,0.0,0.0,1000.0,0.0,0.0,1300.0
2021-07-18,0.0,0.0,0.0,0.0,0.0,0.0,1000.0,0.0,0.0,1000.0
2021-07-19,1000.0,0.0,500.0,0.0,0.0,0.0,1000.0,0.0,0.0,2500.0
2021-07-20,0.0,0.0,0.0,0.0,0.0,0.0,1000.0,0.0,0.0,1000.0
2021-07-24,0.0,0.0,500.0,300.0,0.0,0.0,0.0,0.0,0.0,800.0
2021-07-25,1000.0,0.0,500.0,0.0,0.0,0.0,1000.0,0.0,0.0,2500.0
2021-08-02,1000.0,0.0,0.0,300.0,0.0,0.0,1000.0,0.0,0.0,2300.0
2021-08-03,0.0,0.0,0.0,300.0,0.0,0.0,1000.0,0.0,0.0,1300.0
2021-08-10,0.0,0.0,500.0,300.0,0.0,0.0,1000.0,0.0,0.0,1800.0
2021-08-12,0.0,0.0,500.0,300.0,0.0,0.0,1000.0,0.0,0.0,1800.0
2021-08-13,1000.0,0.0,500.0,0.0,0.0,0.0,1000.0,0.0,0.0,2500.0
2021-08-17,1000.0,0.0,0.0,300.0,0.0,0.0,1000.0,0.0,0.0,2300.0
2021-08-18,0.0,0.0,500.0,0.0,0.0,0.0,1000.0,0.0,0.0,1500.0
2021-08-30,0.0,0.0,150.0,0.0,0.0,0.0,1000.0,0.0,0.0,1150.0
2021-08-31,0.0,0.0,0.0,0.0,0.0,0.0,1000.0,0.0,0.0,1000.0
2021-09-01,0.0,0.0,500.0,300.0,0.0,0.0,1000.0,0.0,0.0,1800.0
2021-09-04,1000.0,0.0,500.0,300.0,0.0,0.0,1000.0,0.0,0.0,2800.0
2021-09-08,0.0,390.0,0.0,300.0,0.0,0.0,1000.0,0.0,0.0,1690.0
2021-09-10,0.0,0.0,500.0,300.0,0.0,0.0,1000.0,0.0,0.0,1800.0
2021-09-15,0.0,0.0,0.0,300.0,0.0,0.0,1000.0,0.0,0.0,1300.0
2021-09-19,1000.0,0.0,500.0,0.0,0.0,0.0,1000.0,0.0,0.0,2500.0
2021-09-21,0.0,0.0,0.0,0.0,0.0,0.0,1000.0,0.0,1740.0,2740.0
2021-09-24,0.0,0.0,0.0,300.0,0.0,0.0,1000.0,0.0,0.0,1300.0
2021-09-25,0.0,0.0,500.0,300.0,0.0,0.0,1000.0,0.0,0.0,1800.0
2021-09-26,0.0,0.0,0.0,0.0,0.0,0.0,1000.0,0.0,0.0,1000.0
2021-10-01,1000.0,0.0,500.0,300.0,0.0,0.0,1000.0,0.0,0.0,2800.0
2021-10-03,0.0,0.0,0.0,300.0,0.0,0.0,1000.0,0.0,0.0,1300.0
2021-10-06,1000.0,0.0,500.0,0.0,0.0,0.0,1000.0,0.0,0.0,2500.0
2021-10-07,0.0,0.0,500.0,300.0,0.0,0.0,1000.0,0.0,0.0,1800.0
2021-10-10,0.0,0.0,0.0,300.0,0.0,0.0,1000.0,0.0,0.0,1300.0
2021-10-11,540.0,0.0,0.0,0.0,1210.0,0.0,1000.0,0.0,0.0,2750.0
2021-10-16,1000.0,0.0,500.0,300.0,0.0,0.0,1000.0,0.0,0.0,2800.0
2021-10-19,1000.0,0.0,500.0,300.0,0.0,0.0,1000.0,0.0,0.0,2800.0
2021-10-22,0.0,0.0,0.0,300.0,0.0,0.0,1000.0,0.0,0.0,1300.0
2021-10-23,0.0,0.0,0.0,300.0,0.0,0.0,1000.0,0.0,0.0,1300.0
2021-10-25,0.0,0.0,0.0,0.0,0.0,0.0,1000.0,0.0,0.0,1000.0
2021-10-30,0.0,0.0,0.0,300.0,0.0,0.0,1000.0,500.0,0.0,1800.0
2021-10-31,0.0,0.0,500.0,300.0,0.0,0.0,1000.0,0.0,0.0,1800.0
2021-11-06,0.0,0.0,0.0,300.0,0.0,0.0,1000.0,0.0,0.0,1300.0
2021-11-08,0.0,2000.0,0.0,0.0,0.0,0.0,1000.0,0.0,0.0,3000.0
2021-11-09,0.0,0.0,0.0,300.0,0.0,0.0,1000.0,0.0,0.0,1300.0
2021-11-12,0.0,0.0,0.0,300.0,0.0,0.0,1000.0,0.0,610.0,1910.0
2021-11-18,0.0,0.0,500.0,300.0,0.0,0.0,1000.0,0.0,1180.0,2980.0
2021-11-26,0.0,0.0,500.0,300.0,0.0,0.0,1000.0,0.0,0.0,1800.0
2021-12-02,0.0,0.0,500.0,0.0,0.0,0.0,1000.0,0.0,0.0,1500.0
2021-12-04,0.0,0.0,0.0,300.0,0.0,0.0,1000.0,0.0,0.0,1300.0
2021-12-17,0.0,0.0,0.0,0.0,0.0,0.0,1000.0,0.0,2000.0,3000.0
2021-12-19,0.0,0.0,500.0,300.0,0.0,0.0,1000.0,970.0,0.0,2770.0
2021-12-24,0.0,0.0,500.0,300.0,0.0,0.0,1000.0,0.0,0.0,1800.0
2021-12-29,1000.0,0.0,0.0,300.0,0.0,0.0,1000.0,0.0,0.0,2300.0
2022-01-05,0.0,0.0,0.0,300.0,0.0,0.0,1000.0,0.0,0.0,1300.0
2022-01-07,1000.0,0.0,0.0,300.0,0.0,0.0,1000.0,0.0,0.0,2300.0
2022-01-11,1000.0,0.0,500.0,300.0,0.0,0.0,1000.0,0.0,0.0,2800.0
2022-01-16,1000.0,0.0,500.0,300.0,0.0,0.0,1000.0,0.0,0.0,2800.0
2022-01-17,0.0,0.0,0.0,300.0,0.0,0.0,1000.0,0.0,0.0,1300.0
2022-01-23,0.0,0.0,0.0,0.0,0.0,0.0,1000.0,0.0,2000.0,3000.0
2022-01-27,1000.0,0.0,0.0,0.0,0.0,0.0,1000.0,0.0,0.0,2000.0
2022-01-29,1000.0,0.0,0.0,300.0,0.0,0.0,1000.0,0.0,650.0,2950.0
2022-01-30,0.0,0.0,0.0,300.0,0.0,0.0,1000.0,0.0,0.0,1300.0
2022-02-01,1000.0,0.0,500.0,300.0,0.0,0.0,1000.0,0.0,0.0,2800.0
2022-02-08,0.0,0.0,0.0,0.0,0.0,0.0,520.0,0.0,2000.0,2520.0
2022-02-12,0.0,0.0,500.0,300.0,0.0,0.0,1000.0,0.0,0.0,1800.0
2022-02-15,0.0,2000.0,0.0,0.0,0.0,0.0,1000.0,0.0,0.0,3000.0
2022-02-16,1000.0,0.0,0.0,0.0,0.0,0.0,1000.0,0.0,0.0,2000.0
2022-02-19,0.0,0.0,0.0,0.0,0.0,0.0,0.0,0.0,2000.0,2000.0
2022-02-25,1000.0,0.0,500.0,0.0,0.0,0.0,1000.0,0.0,0.0,2500.0
2022-03-01,0.0,0.0,0.0,0.0,0.0,0.0,1000.0,0.0,0.0,1000.0
2022-03-04,1000.0,0.0,500.0,0.0,0.0,0.0,0.0,0.0,0.0,1500.0
2022-03-05,0.0,0.0,500.0,300.0,0.0,0.0,1000.0,0.0,0.0,1800.0
2022-03-07,0.0,0.0,500.0,0.0,0.0,0.0,1000.0,0.0,0.0,1500.0
2022-03-10,0.0,1330.0,0.0,270.0,0.0,0.0,0.0,0.0,0.0,1600.0
2022-03-18,1000.0,0.0,0.0,0.0,0.0,0.0,0.0,0.0,2000.0,3000.0
2022-03-23,0.0,0.0,500.0,300.0,0.0,0.0,1000.0,0.0,0.0,1800.0
2022-03-26,0.0,0.0,0.0,0.0,0.0,0.0,1000.0,0.0,2000.0,3000.0
2022-03-29,0.0,0.0,0.0,300.0,0.0,0.0,1000.0,0.0,0.0,1300.0
2022-03-31,0.0,0.0,500.0,0.0,0.0,0.0,1000.0,0.0,0.0,1500.0
2022-04-01,0.0,0.0,0.0,0.0,0.0,0.0,1000.0,0.0,0.0,1000.0
2022-04-03,0.0,0.0,500.0,0.0,0.0,0.0,1000.0,0.0,0.0,1500.0
2022-04-06,1000.0,0.0,500.0,300.0,0.0,0.0,1000.0,0.0,0.0,2800.0
2022-04-12,1000.0,0.0,500.0,300.0,0.0,0.0,1000.0,0.0,0.0,2800.0
2022-04-13,1000.0,0.0,0.0,0.0,0.0,0.0,1000.0,0.0,0.0,2000.0
2022-04-23,0.0,0.0,500.0,300.0,0.0,0.0,1000.0,0.0,0.0,1800.0
2022-04-29,0.0,0.0,0.0,300.0,0.0,0.0,1000.0,0.0,0.0,1300.0
2022-05-08,1000.0,0.0,0.0,300.0,0.0,0.0,1000.0,0.0,0.0,2300.0
2022-05-09,1000.0,0.0,0.0,0.0,0.0,0.0,1000.0,0.0,0.0,2000.0
2022-05-10,0.0,0.0,500.0,300.0,0.0,0.0,1000.0,0.0,0.0,1800.0
2022-05-13,1000.0,0.0,0.0,0.0,0.0,0.0,1000.0,0.0,0.0,2000.0
2022-05-17,1000.0,0.0,0.0,300.0,0.0,0.0,1000.0,0.0,0.0,2300.0
2022-05-20,1000.0,0.0,0.0,300.0,0.0,0.0,1000.0,0.0,0.0,2300.0
2022-05-23,0.0,0.0,0.0,300.0,0.0,0.0,1000.0,0.0,0.0,1300.0
2022-05-24,1000.0,0.0,500.0,300.0,0.0,0.0,1000.0,0.0,0.0,2800.0
2022-05-28,0.0,0.0,500.0,0.0,0.0,0.0,1000.0,0.0,0.0,1500.0
2022-05-31,0.0,0.0,0.0,300.0,0.0,0.0,1000.0,0.0,0.0,1300.0
2022-06-09,1000.0,0.0,0.0,300.0,0.0,0.0,1000.0,0.0,0.0,2300.0
2022-06-12,240.0,0.0,500.0,300.0,0.0,0.0,1000.0,0.0,660.0,2700.0
2022-06-14,0.0,0.0,500.0,0.0,0.0,0.0,1000.0,0.0,0.0,1500.0
2022-06-19,0.0,0.0,500.0,300.0,0.0,0.0,0.0,0.0,0.0,800.0
2022-06-27,1000.0,0.0,0.0,0.0,0.0,0.0,1000.0,0.0,0.0,2000.0
2022-07-03,0.0,0.0,0.0,0.0,0.0,0.0,1000.0,0.0,0.0,1000.0
2022-07-07,0.0,0.0,0.0,300.0,0.0,0.0,1000.0,0.0,1030.0,2330.0
2022-07-10,0.0,0.0,0.0,300.0,0.0,0.0,1000.0,260.0,0.0,1560.0
2022-07-11,1000.0,0.0,0.0,300.0,0.0,0.0,1000.0,0.0,0.0,2300.0
2022-07-14,0.0,1590.0,0.0,0.0,0.0,0.0,1000.0,0.0,0.0,2590.0
2022-07-19,1000.0,0.0,500.0,300.0,0.0,0.0,1000.0,0.0,0.0,2800.0
2022-07-22,1000.0,0.0,500.0,300.0,0.0,0.0,1000.0,0.0,0.0,2800.0
2022-07-24,0.0,0.0,0.0,0.0,0.0,0.0,1000.0,0.0,0.0,1000.0
2022-07-28,1000.0,0.0,0.0,300.0,0.0,0.0,1000.0,0.0,0.0,2300.0
2022-07-30,0.0,0.0,0.0,300.0,1130.0,0.0,1000.0,0.0,0.0,2430.0
2022-07-31,1000.0,0.0,0.0,300.0,0.0,0.0,1000.0,0.0,0.0,2300.0
2022-08-03,0.0,0.0,500.0,300.0,0.0,0.0,1000.0,0.0,0.0,1800.0
2022-08-13,1000.0,0.0,500.0,300.0,0.0,0.0,1000.0,0.0,0.0,2800.0
2022-08-14,1000.0,0.0,0.0,300.0,0.0,0.0,1000.0,0.0,0.0,2300.0
2022-08-16,0.0,0.0,0.0,300.0,0.0,0.0,1000.0,0.0,0.0,1300.0
2022-08-17,1000.0,0.0,500.0,300.0,0.0,0.0,1000.0,0.0,0.0,2800.0
2022-08-20,0.0,0.0,0.0,0.0,0.0,0.0,1000.0,0.0,0.0,1000.0
2022-08-24,0.0,2000.0,500.0,0.0,0.0,0.0,0.0,0.0,0.0,2500.0
2022-09-08,1000.0,0.0,0.0,300.0,0.0,0.0,1000.0,0.0,0.0,2300.0
2022-09-10,1000.0,0.0,0.0,0.0,0.0,0.0,1000.0,0.0,0.0,2000.0
2022-09-14,0.0,0.0,500.0,0.0,0.0,0.0,1000.0,0.0,0.0,1500.0
2022-09-17,1000.0,0.0,0.0,300.0,0.0,0.0,1000.0,0.0,0.0,2300.0
2022-09-18,1000.0,0.0,0.0,300.0,0.0,0.0,1000.0,0.0,0.0,2300.0
2022-09-19,0.0,0.0,0.0,300.0,0.0,0.0,890.0,0.0,0.0,1190.0
2022-09-25,1000.0,0.0,500.0,300.0,0.0,0.0,0.0,0.0,0.0,1800.0
2022-09-28,1000.0,1300.0,500.0,0.0,0.0,0.0,0.0,0.0,0.0,2800.0
2022-09-30,0.0,0.0,0.0,0.0,0.0,0.0,1000.0,0.0,0.0,1000.0
2022-10-01,1000.0,0.0,500.0,300.0,0.0,0.0,1000.0,0.0,0.0,2800.0
2022-10-02,0.0,0.0,500.0,0.0,0.0,0.0,1000.0,0.0,0.0,1500.0
2022-10-06,0.0,0.0,0.0,110.0,0.0,0.0,1000.0,0.0,0.0,1110.0
2022-10-09,0.0,0.0,0.0,300.0,0.0,0.0,1000.0,0.0,0.0,1300.0
2022-10-10,0.0,0.0,0.0,0.0,0.0,0.0,1000.0,0.0,0.0,1000.0
2022-10-20,0.0,0.0,500.0,300.0,0.0,0.0,1000.0,840.0,0.0,2640.0
2022-10-22,0.0,0.0,0.0,0.0,2000.0,0.0,1000.0,0.0,0.0,3000.0
2022-10-24,0.0,0.0,0.0,300.0,0.0,0.0,1000.0,0.0,0.0,1300.0
2022-10-29,1000.0,0.0,500.0,300.0,0.0,0.0,1000.0,0.0,0.0,2800.0
2022-11-01,0.0,0.0,500.0,300.0,0.0,0.0,1000.0,0.0,0.0,1800.0
2022-11-04,1000.0,2000.0,0.0,0.0,0.0,0.0,0.0,0.0,0.0,3000.0
2022-11-07,0.0,0.0,0.0,300.0,0.0,0.0,1000.0,0.0,0.0,1300.0
2022-11-08,0.0,0.0,500.0,300.0,0.0,0.0,1000.0,0.0,640.0,2440.0
2022-11-10,0.0,0.0,0.0,0.0,2000.0,0.0,1000.0,0.0,0.0,3000.0
2022-11-15,0.0,0.0,0.0,0.0,0.0,0.0,1000.0,0.0,2000.0,3000.0
2022-11-16,0.0,0.0,0.0,300.0,0.0,0.0,1000.0,0.0,0.0,1300.0
2022-11-20,0.0,0.0,500.0,300.0,0.0,0.0,1000.0,0.0,0.0,1800.0
2022-11-22,1000.0,0.0,500.0,0.0,0.0,0.0,1000.0,0.0,0.0,2500.0
2022-11-23,0.0,0.0,500.0,300.0,0.0,0.0,1000.0,0.0,0.0,1800.0
2022-11-24,0.0,0.0,0.0,0.0,0.0,0.0,1000.0,0.0,0.0,1000.0
2022-11-26,1000.0,0.0,0.0,300.0,0.0,0.0,1000.0,0.0,0.0,2300.0
2022-11-30,0.0,0.0,0.0,300.0,0.0,0.0,1000.0,0.0,0.0,1300.0
2022-12-03,1000.0,0.0,0.0,300.0,0.0,0.0,1000.0,0.0,0.0,2300.0
2022-12-08,0.0,0.0,500.0,300.0,0.0,0.0,1000.0,0.0,0.0,1800.0
2022-12-13,1000.0,0.0,500.0,300.0,0.0,0.0,1000.0,0.0,0.0,2800.0
2022-12-20,0.0,0.0,500.0,0.0,0.0,0.0,1000.0,0.0,0.0,1500.0
2022-12-21,1000.0,0.0,500.0,0.0,0.0,0.0,1000.0,0.0,0.0,2500.0
2022-12-25,0.0,0.0,500.0,300.0,0.0,0.0,1000.0,0.0,0.0,1800.0
2022-12-26,0.0,0.0,500.0,0.0,0.0,0.0,1000.0,0.0,0.0,1500.0
2022-12-28,0.0,0.0,500.0,0.0,0.0,0.0,1000.0,0.0,0.0,1500.0
2022-12-30,0.0,0.0,500.0,0.0,0.0,0.0,1000.0,0.0,0.0,1500.0
2023-01-06,0.0,0.0,500.0,0.0,0.0,0.0,1000.0,0.0,0.0,1500.0
2023-01-08,0.0,0.0,0.0,0.0,0.0,0.0,1000.0,0.0,0.0,1000.0
2023-01-09,0.0,0.0,500.0,0.0,0.0,0.0,0.0,0.0,0.0,500.0
2023-01-16,0.0,0.0,500.0,0.0,0.0,0.0,1000.0,0.0,0.0,1500.0
2023-01-18,0.0,0.0,0.0,0.0,0.0,0.0,1000.0,0.0,0.0,1000.0
2023-01-20,0.0,2000.0,0.0,0.0,0.0,0.0,1000.0,0.0,0.0,3000.0
2023-01-21,1000.0,0.0,0.0,0.0,0.0,0.0,1000.0,0.0,0.0,2000.0
2023-01-23,0.0,0.0,0.0,0.0,2000.0,0.0,1000.0,0.0,0.0,3000.0
2023-01-24,0.0,0.0,0.0,0.0,0.0,0.0,1000.0,0.0,2000.0,3000.0
2023-01-25,0.0,0.0,0.0,0.0,0.0,0.0,1000.0,0.0,0.0,1000.0
2023-01-27,1000.0,0.0,500.0,300.0,0.0,0.0,1000.0,0.0,0.0,2800.0
2023-01-29,0.0,0.0,0.0,0.0,0.0,0.0,0.0,0.0,2000.0,2000.0
2023-01-30,0.0,0.0,500.0,0.0,0.0,0.0,1000.0,0.0,0.0,1500.0
2023-01-31,0.0,0.0,0.0,0.0,0.0,0.0,1000.0,0.0,0.0,1000.0
2023-02-01,0.0,0.0,0.0,300.0,0.0,0.0,0.0,0.0,0.0,300.0
2023-02-03,0.0,0.0,0.0,0.0,0.0,0.0,1000.0,0.0,2000.0,3000.0
2023-02-07,0.0,0.0,500.0,0.0,0.0,0.0,1000.0,0.0,0.0,1500.0
2023-02-09,0.0,0.0,0.0,0.0,0.0,0.0,1000.0,0.0,2000.0,3000.0
2023-02-12,0.0,0.0,0.0,0.0,0.0,0.0,0.0,0.0,2000.0,2000.0
2023-02-13,0.0,0.0,0.0,0.0,0.0,0.0,1000.0,0.0,0.0,1000.0
2023-02-14,0.0,0.0,500.0,0.0,0.0,0.0,1000.0,0.0,0.0,1500.0
2023-02-17,1000.0,0.0,500.0,0.0,0.0,0.0,1000.0,0.0,0.0,2500.0
2023-02-19,0.0,0.0,0.0,0.0,0.0,0.0,1000.0,0.0,0.0,1000.0
2023-02-21,1000.0,0.0,0.0,300.0,0.0,0.0,1000.0,0.0,0.0,2300.0
2023-02-22,0.0,0.0,500.0,0.0,0.0,0.0,1000.0,0.0,0.0,1500.0
2023-02-24,0.0,2000.0,0.0,0.0,0.0,0.0,1000.0,0.0,0.0,3000.0
2023-02-25,1000.0,0.0,0.0,0.0,0.0,0.0,1000.0,0.0,0.0,2000.0
2023-02-28,0.0,0.0,0.0,0.0,0.0,0.0,1000.0,0.0,2000.0,3000.0
2023-03-01,0.0,0.0,0.0,300.0,0.0,0.0,1000.0,0.0,0.0,1300.0
2023-03-02,0.0,0.0,500.0,300.0,0.0,0.0,1000.0,0.0,0.0,1800.0
2023-03-03,0.0,0.0,0.0,0.0,0.0,0.0,1000.0,0.0,0.0,1000.0
2023-03-06,0.0,0.0,0.0,0.0,0.0,0.0,1000.0,0.0,0.0,1000.0
2023-03-09,1000.0,0.0,500.0,0.0,0.0,0.0,1000.0,0.0,0.0,2500.0
2023-03-12,1000.0,2000.0,0.0,0.0,0.0,0.0,0.0,0.0,0.0,3000.0
2023-03-13,0.0,0.0,0.0,0.0,0.0,0.0,1000.0,0.0,0.0,1000.0
2023-03-14,1000.0,0.0,0.0,0.0,0.0,0.0,1000.0,0.0,0.0,2000.0
2023-03-15,1000.0,0.0,0.0,0.0,0.0,0.0,0.0,0.0,0.0,1000.0
2023-03-16,0.0,2000.0,0.0,300.0,0.0,0.0,0.0,0.0,0.0,2300.0
2023-03-19,0.0,0.0,0.0,0.0,0.0,0.0,1000.0,0.0,0.0,1000.0
2023-03-20,1000.0,0.0,0.0,300.0,0.0,0.0,1000.0,0.0,0.0,2300.0
2023-03-22,0.0,0.0,500.0,0.0,0.0,0.0,1000.0,0.0,0.0,1500.0
2023-03-24,0.0,0.0,500.0,300.0,0.0,0.0,0.0,0.0,0.0,800.0
2023-03-26,0.0,0.0,0.0,0.0,2000.0,0.0,1000.0,0.0,0.0,3000.0
2023-03-27,0.0,2000.0,0.0,0.0,0.0,0.0,1000.0,0.0,0.0,3000.0
2023-03-28,0.0,0.0,0.0,300.0,0.0,0.0,1000.0,0.0,0.0,1300.0
2023-03-31,0.0,0.0,0.0,300.0,0.0,0.0,1000.0,0.0,0.0,1300.0
2023-04-02,0.0,0.0,0.0,0.0,0.0,0.0,1000.0,0.0,0.0,1000.0
2023-04-03,0.0,0.0,500.0,0.0,0.0,0.0,0.0,0.0,0.0,500.0
2023-04-04,0.0,0.0,0.0,0.0,0.0,0.0,1000.0,0.0,0.0,1000.0
2023-04-05,0.0,0.0,0.0,0.0,0.0,0.0,1000.0,0.0,0.0,1000.0
2023-04-06,0.0,2000.0,0.0,0.0,0.0,0.0,1000.0,0.0,0.0,3000.0
2023-04-11,0.0,0.0,0.0,300.0,0.0,0.0,1000.0,0.0,0.0,1300.0
2023-04-12,1000.0,0.0,0.0,0.0,0.0,0.0,1000.0,0.0,0.0,2000.0
2023-04-14,0.0,0.0,500.0,0.0,0.0,0.0,1000.0,0.0,0.0,1500.0
2023-04-17,1000.0,0.0,0.0,0.0,0.0,0.0,0.0,0.0,0.0,1000.0
2023-04-18,0.0,0.0,0.0,0.0,0.0,0.0,1000.0,0.0,0.0,1000.0
2023-04-19,0.0,0.0,0.0,300.0,0.0,0.0,1000.0,0.0,0.0,1300.0
2023-04-21,1000.0,0.0,0.0,300.0,0.0,0.0,1000.0,0.0,0.0,2300.0
2023-04-23,1000.0,0.0,0.0,0.0,0.0,0.0,1000.0,0.0,0.0,2000.0
2023-04-24,0.0,0.0,0.0,0.0,2000.0,0.0,1000.0,0.0,0.0,3000.0
2023-04-26,0.0,0.0,500.0,0.0,0.0,0.0,1000.0,0.0,0.0,1500.0
2023-04-27,0.0,0.0,0.0,0.0,0.0,0.0,1000.0,0.0,0.0,1000.0
2023-04-28,1000.0,0.0,0.0,0.0,0.0,0.0,0.0,0.0,2000.0,3000.0
2023-04-29,0.0,0.0,0.0,300.0,0.0,0.0,1000.0,0.0,0.0,1300.0
2023-04-30,1000.0,0.0,500.0,0.0,0.0,0.0,1000.0,0.0,0.0,2500.0
2023-05-01,1000.0,0.0,0.0,300.0,0.0,0.0,1000.0,0.0,0.0,2300.0
2023-05-05,0.0,0.0,0.0,300.0,0.0,0.0,1000.0,0.0,0.0,1300.0
2023-05-06,0.0,0.0,500.0,0.0,0.0,0.0,1000.0,0.0,0.0,1500.0
2023-05-07,0.0,0.0,0.0,0.0,0.0,0.0,1000.0,0.0,0.0,1000.0
2023-05-08,0.0,0.0,0.0,300.0,0.0,0.0,1000.0,0.0,0.0,1300.0
2023-05-11,0.0,0.0,500.0,0.0,0.0,0.0,1000.0,0.0,0.0,1500.0
2023-05-13,0.0,0.0,0.0,0.0,0.0,0.0,1000.0,0.0,2000.0,3000.0
2023-05-16,0.0,0.0,0.0,0.0,0.0,0.0,1000.0,0.0,2000.0,3000.0
2023-05-18,0.0,0.0,0.0,0.0,0.0,0.0,1000.0,0.0,0.0,1000.0
2023-05-19,0.0,0.0,0.0,0.0,0.0,0.0,1000.0,0.0,0.0,1000.0
2023-05-20,0.0,0.0,0.0,0.0,0.0,0.0,1000.0,0.0,0.0,1000.0
2023-05-21,0.0,0.0,500.0,300.0,0.0,0.0,1000.0,0.0,0.0,1800.0
2023-05-24,0.0,0.0,500.0,300.0,0.0,0.0,1000.0,0.0,0.0,1800.0
2023-05-25,0.0,0.0,0.0,0.0,2000.0,0.0,1000.0,0.0,0.0,3000.0
2023-05-26,1000.0,0.0,500.0,0.0,0.0,0.0,1000.0,0.0,0.0,2500.0
2023-05-27,0.0,0.0,500.0,0.0,0.0,0.0,1000.0,0.0,0.0,1500.0
2023-05-29,0.0,0.0,0.0,0.0,0.0,0.0,1000.0,0.0,0.0,1000.0
2023-05-30,0.0,0.0,0.0,0.0,0.0,0.0,1000.0,0.0,2000.0,3000.0
2023-06-02,1000.0,0.0,0.0,0.0,0.0,0.0,1000.0,0.0,0.0,2000.0
2023-06-03,0.0,0.0,500.0,300.0,0.0,0.0,0.0,0.0,0.0,800.0
2023-06-04,1000.0,0.0,0.0,300.0,0.0,0.0,1000.0,0.0,0.0,2300.0
2023-06-07,0.0,0.0,500.0,0.0,0.0,0.0,1000.0,0.0,0.0,1500.0
2023-06-08,0.0,0.0,0.0,0.0,0.0,0.0,1000.0,0.0,2000.0,3000.0
2023-06-09,0.0,0.0,0.0,0.0,0.0,0.0,1000.0,0.0,2000.0,3000.0
2023-06-10,0.0,2000.0,0.0,0.0,0.0,0.0,1000.0,0.0,0.0,3000.0
2023-06-12,0.0,0.0,0.0,0.0,0.0,0.0,1000.0,0.0,0.0,1000.0
2023-06-13,0.0,0.0,0.0,0.0,0.0,0.0,1000.0,0.0,2000.0,3000.0
2023-06-14,0.0,0.0,0.0,0.0,0.0,0.0,1000.0,0.0,2000.0,3000.0
2023-06-15,0.0,0.0,500.0,0.0,0.0,0.0,1000.0,0.0,0.0,1500.0
2023-06-17,0.0,0.0,500.0,0.0,0.0,0.0,1000.0,0.0,0.0,1500.0
2023-06-18,0.0,0.0,0.0,0.0,0.0,0.0,1000.0,0.0,2000.0,3000.0
2023-06-20,1000.0,0.0,0.0,0.0,0.0,0.0,1000.0,0.0,0.0,2000.0
2023-06-21,1000.0,0.0,0.0,0.0,0.0,0.0,0.0,0.0,0.0,1000.0
2023-06-24,1000.0,0.0,0.0,0.0,0.0,0.0,1000.0,0.0,0.0,2000.0
2023-06-26,0.0,0.0,0.0,0.0,0.0,0.0,1000.0,0.0,0.0,1000.0
2023-06-27,0.0,0.0,0.0,0.0,0.0,0.0,1000.0,0.0,2000.0,3000.0
2023-06-29,0.0,2000.0,0.0,0.0,0.0,0.0,1000.0,0.0,0.0,3000.0
2023-06-30,0.0,0.0,500.0,0.0,0.0,0.0,0.0,0.0,0.0,500.0
2023-07-01,1000.0,0.0,0.0,300.0,0.0,0.0,1000.0,0.0,0.0,2300.0
2023-07-02,1000.0,0.0,0.0,300.0,0.0,0.0,1000.0,0.0,0.0,2300.0
2023-07-03,0.0,0.0,0.0,300.0,0.0,0.0,1000.0,0.0,0.0,1300.0
2023-07-05,0.0,0.0,0.0,0.0,0.0,0.0,1000.0,0.0,0.0,1000.0
2023-07-06,0.0,2000.0,0.0,300.0,0.0,0.0,0.0,0.0,0.0,2300.0
2023-07-07,0.0,0.0,0.0,0.0,0.0,0.0,1000.0,0.0,0.0,1000.0
2023-07-08,0.0,0.0,0.0,300.0,0.0,0.0,1000.0,0.0,0.0,1300.0
2023-07-09,0.0,0.0,0.0,0.0,0.0,0.0,1000.0,0.0,0.0,1000.0
2023-07-10,0.0,0.0,0.0,0.0,0.0,0.0,1000.0,0.0,0.0,1000.0
2023-07-11,0.0,0.0,0.0,0.0,0.0,0.0,1000.0,0.0,0.0,1000.0
2023-07-12,0.0,0.0,0.0,0.0,0.0,0.0,1000.0,0.0,0.0,1000.0
2023-07-13,0.0,0.0,0.0,300.0,0.0,0.0,1000.0,0.0,0.0,1300.0
2023-07-14,0.0,2000.0,0.0,0.0,0.0,0.0,1000.0,0.0,0.0,3000.0
2023-07-15,0.0,0.0,0.0,300.0,0.0,0.0,0.0,0.0,0.0,300.0
2023-07-18,0.0,0.0,500.0,300.0,0.0,0.0,0.0,0.0,0.0,800.0
2023-07-21,0.0,0.0,0.0,0.0,0.0,0.0,1000.0,0.0,0.0,1000.0
2023-07-23,0.0,0.0,500.0,0.0,0.0,0.0,1000.0,0.0,0.0,1500.0
2023-07-26,0.0,0.0,0.0,0.0,0.0,0.0,1000.0,0.0,0.0,1000.0
2023-07-27,0.0,2000.0,0.0,0.0,0.0,0.0,1000.0,0.0,0.0,3000.0
2023-07-28,1000.0,0.0,0.0,300.0,0.0,0.0,0.0,0.0,0.0,1300.0
2023-07-29,0.0,0.0,0.0,0.0,0.0,0.0,1000.0,0.0,2000.0,3000.0
2023-07-31,0.0,0.0,0.0,0.0,0.0,0.0,1000.0,0.0,0.0,1000.0
2023-08-01,0.0,2000.0,0.0,0.0,0.0,0.0,1000.0,0.0,0.0,3000.0
2023-08-03,1000.0,0.0,0.0,0.0,0.0,0.0,0.0,0.0,0.0,1000.0
2023-08-05,0.0,2000.0,0.0,0.0,0.0,0.0,1000.0,0.0,0.0,3000.0
2023-08-08,0.0,0.0,0.0,0.0,0.0,0.0,1000.0,0.0,2000.0,3000.0
2023-08-09,0.0,0.0,0.0,0.0,0.0,0.0,1000.0,0.0,0.0,1000.0
2023-08-10,1000.0,0.0,500.0,0.0,0.0,0.0,1000.0,0.0,0.0,2500.0
2023-08-11,1000.0,0.0,0.0,0.0,0.0,0.0,1000.0,0.0,0.0,2000.0
2023-08-13,0.0,0.0,0.0,0.0,0.0,0.0,1000.0,0.0,0.0,1000.0
2023-08-14,0.0,0.0,500.0,0.0,0.0,0.0,1000.0,0.0,0.0,1500.0
2023-08-17,1000.0,0.0,0.0,300.0,0.0,0.0,0.0,0.0,0.0,1300.0
2023-08-18,0.0,0.0,0.0,0.0,0.0,0.0,1000.0,0.0,0.0,1000.0
2023-08-19,1000.0,0.0,0.0,300.0,0.0,0.0,1000.0,0.0,0.0,2300.0
2023-08-20,0.0,0.0,0.0,0.0,0.0,0.0,1000.0,0.0,0.0,1000.0
2023-08-21,0.0,0.0,0.0,0.0,0.0,0.0,1000.0,0.0,0.0,1000.0
2023-08-22,0.0,0.0,0.0,0.0,0.0,0.0,1000.0,0.0,2000.0,3000.0
2023-08-23,0.0,0.0,500.0,0.0,0.0,0.0,1000.0,0.0,0.0,1500.0
2023-08-24,1000.0,0.0,0.0,0.0,0.0,0.0,1000.0,0.0,0.0,2000.0
2023-08-25,0.0,0.0,0.0,300.0,0.0,0.0,0.0,0.0,0.0,300.0
2023-08-28,0.0,0.0,0.0,0.0,0.0,0.0,1000.0,0.0,0.0,1000.0
2023-08-30,0.0,0.0,0.0,300.0,0.0,0.0,1000.0,0.0,0.0,1300.0
2023-09-02,0.0,0.0,0.0,0.0,0.0,0.0,1000.0,0.0,0.0,1000.0
2023-09-03,1000.0,0.0,0.0,0.0,0.0,0.0,1000.0,0.0,0.0,2000.0
2023-09-05,1000.0,0.0,0.0,0.0,0.0,0.0,1000.0,0.0,0.0,2000.0
2023-09-07,0.0,0.0,0.0,0.0,0.0,0.0,1000.0,0.0,0.0,1000.0
2023-09-08,1000.0,0.0,500.0,0.0,0.0,0.0,1000.0,0.0,0.0,2500.0
2023-09-13,0.0,0.0,0.0,0.0,0.0,0.0,1000.0,0.0,2000.0,3000.0
2023-09-15,0.0,0.0,0.0,0.0,0.0,0.0,1000.0,0.0,2000.0,3000.0
2023-09-17,0.0,0.0,0.0,0.0,0.0,0.0,1000.0,0.0,0.0,1000.0
2023-09-18,0.0,2000.0,500.0,0.0,0.0,0.0,0.0,0.0,0.0,2500.0
2023-09-19,1000.0,0.0,0.0,300.0,0.0,0.0,1000.0,0.0,0.0,2300.0
2023-09-21,0.0,0.0,0.0,0.0,0.0,0.0,1000.0,0.0,2000.0,3000.0
2023-09-25,0.0,0.0,0.0,0.0,0.0,0.0,1000.0,0.0,0.0,1000.0
2023-09-26,1000.0,0.0,0.0,0.0,0.0,0.0,1000.0,0.0,0.0,2000.0
2023-09-28,0.0,0.0,0.0,0.0,0.0,0.0,1000.0,0.0,0.0,1000.0
2023-09-29,0.0,0.0,0.0,0.0,2000.0,0.0,1000.0,0.0,0.0,3000.0
2023-09-30,0.0,0.0,500.0,300.0,0.0,0.0,1000.0,0.0,0.0,1800.0
2023-10-06,0.0,0.0,0.0,0.0,0.0,0.0,1000.0,0.0,0.0,1000.0
2023-10-08,1000.0,0.0,0.0,300.0,0.0,0.0,1000.0,0.0,0.0,2300.0
2023-10-16,0.0,0.0,0.0,300.0,0.0,0.0,1000.0,0.0,0.0,1300.0
2023-10-19,1000.0,0.0,0.0,300.0,0.0,0.0,1000.0,0.0,0.0,2300.0
2023-10-20,0.0,0.0,0.0,0.0,0.0,0.0,1000.0,0.0,2000.0,3000.0
2023-10-24,0.0,0.0,0.0,0.0,0.0,0.0,0.0,0.0,2000.0,2000.0
2023-10-25,0.0,0.0,0.0,0.0,0.0,0.0,1000.0,0.0,0.0,1000.0
2023-10-27,0.0,0.0,0.0,0.0,0.0,0.0,1000.0,0.0,0.0,1000.0
2023-10-28,1000.0,0.0,500.0,300.0,0.0,0.0,1000.0,0.0,0.0,2800.0
2023-11-01,0.0,0.0,0.0,300.0,0.0,0.0,1000.0,0.0,0.0,1300.0
2023-11-02,0.0,0.0,0.0,300.0,0.0,0.0,1000.0,0.0,0.0,1300.0
2023-11-04,0.0,0.0,0.0,300.0,0.0,0.0,1000.0,0.0,0.0,1300.0
2023-11-05,0.0,0.0,0.0,300.0,0.0,0.0,1000.0,0.0,0.0,1300.0
2023-11-07,0.0,0.0,0.0,0.0,0.0,0.0,1000.0,0.0,0.0,1000.0
2023-11-08,1000.0,0.0,0.0,0.0,0.0,0.0,1000.0,0.0,0.0,2000.0
2023-11-10,0.0,0.0,0.0,0.0,0.0,0.0,1000.0,0.0,0.0,1000.0
2023-11-12,0.0,0.0,0.0,0.0,0.0,0.0,1000.0,0.0,2000.0,3000.0
2023-11-13,1000.0,0.0,500.0,0.0,0.0,0.0,1000.0,0.0,0.0,2500.0
2023-11-14,0.0,0.0,0.0,0.0,0.0,0.0,1000.0,0.0,2000.0,3000.0
2023-11-15,0.0,0.0,0.0,0.0,0.0,0.0,1000.0,0.0,0.0,1000.0
2023-11-18,1000.0,0.0,0.0,300.0,0.0,0.0,1000.0,0.0,0.0,2300.0
2023-11-20,0.0,0.0,500.0,300.0,0.0,0.0,1000.0,0.0,0.0,1800.0
2023-11-24,1000.0,0.0,500.0,0.0,0.0,0.0,1000.0,0.0,0.0,2500.0
2023-11-27,0.0,0.0,500.0,300.0,0.0,0.0,1000.0,0.0,0.0,1800.0
2023-11-30,1000.0,0.0,0.0,0.0,0.0,0.0,1000.0,0.0,0.0,2000.0
2023-12-04,0.0,0.0,0.0,0.0,2000.0,0.0,1000.0,0.0,0.0,3000.0
2023-12-05,0.0,0.0,0.0,0.0,0.0,0.0,1000.0,0.0,0.0,1000.0
2023-12-06,0.0,0.0,0.0,0.0,2000.0,0.0,1000.0,0.0,0.0,3000.0
2023-12-08,0.0,2000.0,0.0,0.0,0.0,0.0,1000.0,0.0,0.0,3000.0
2023-12-09,0.0,2000.0,0.0,0.0,0.0,0.0,1000.0,0.0,0.0,3000.0
2023-12-11,1000.0,0.0,500.0,300.0,0.0,0.0,0.0,0.0,0.0,1800.0
2023-12-15,0.0,0.0,0.0,0.0,0.0,0.0,1000.0,0.0,0.0,1000.0
2023-12-16,0.0,0.0,0.0,0.0,0.0,0.0,1000.0,0.0,0.0,1000.0
2023-12-19,0.0,0.0,0.0,0.0,0.0,0.0,0.0,0.0,2000.0,2000.0
2023-12-21,1000.0,0.0,0.0,0.0,0.0,0.0,1000.0,0.0,0.0,2000.0
2023-12-23,1000.0,0.0,500.0,300.0,0.0,0.0,1000.0,0.0,0.0,2800.0
2023-12-24,1000.0,0.0,500.0,300.0,0.0,0.0,1000.0,0.0,0.0,2800.0
2023-12-26,0.0,0.0,0.0,0.0,0.0,0.0,1000.0,0.0,0.0,1000.0
2023-12-27,0.0,0.0,500.0,0.0,0.0,0.0,1000.0,0.0,0.0,1500.0
2023-12-28,0.0,0.0,500.0,300.0,0.0,0.0,1000.0,0.0,0.0,1800.0
2023-12-29,0.0,2000.0,0.0,0.0,0.0,0.0,1000.0,0.0,0.0,3000.0
2023-12-30,0.0,0.0,0.0,0.0,0.0,0.0,1000.0,0.0,0.0,1000.0
2024-01-01,0.0,0.0,500.0,300.0,0.0,0.0,1000.0,0.0,0.0,1800.0
2024-01-05,0.0,0.0,500.0,0.0,0.0,0.0,1000.0,0.0,0.0,1500.0
2024-01-08,1000.0,0.0,0.0,300.0,0.0,0.0,1000.0,0.0,0.0,2300.0
2024-01-09,0.0,0.0,0.0,0.0,0.0,0.0,1000.0,0.0,0.0,1000.0
2024-01-13,0.0,0.0,0.0,0.0,0.0,0.0,1000.0,0.0,0.0,1000.0
2024-01-14,0.0,0.0,500.0,300.0,0.0,0.0,1000.0,0.0,0.0,1800.0
2024-01-16,0.0,0.0,0.0,0.0,0.0,0.0,1000.0,0.0,0.0,1000.0
2024-01-17,0.0,0.0,0.0,0.0,0.0,0.0,1000.0,0.0,2000.0,3000.0
2024-01-19,0.0,0.0,0.0,0.0,0.0,0.0,1000.0,0.0,0.0,1000.0
2024-01-20,0.0,0.0,0.0,300.0,0.0,0.0,1000.0,0.0,0.0,1300.0
2024-01-22,0.0,0.0,0.0,0.0,0.0,0.0,1000.0,0.0,2000.0,3000.0
2024-01-23,1000.0,0.0,500.0,0.0,0.0,0.0,1000.0,0.0,0.0,2500.0
2024-01-24,0.0,0.0,0.0,0.0,0.0,0.0,1000.0,0.0,0.0,1000.0
2024-01-25,0.0,0.0,0.0,300.0,0.0,0.0,1000.0,0.0,0.0,1300.0
2024-01-26,0.0,0.0,0.0,0.0,0.0,0.0,1000.0,0.0,2000.0,3000.0
2024-01-27,0.0,0.0,0.0,300.0,0.0,0.0,1000.0,0.0,0.0,1300.0
2024-01-28,0.0,0.0,0.0,300.0,0.0,0.0,1000.0,0.0,0.0,1300.0
2024-01-29,0.0,0.0,0.0,0.0,2000.0,0.0,1000.0,0.0,0.0,3000.0
2024-01-30,1000.0,0.0,0.0,0.0,0.0,0.0,1000.0,0.0,0.0,2000.0
2024-02-01,0.0,0.0,0.0,300.0,0.0,0.0,1000.0,0.0,0.0,1300.0
2024-02-03,0.0,0.0,0.0,0.0,0.0,0.0,1000.0,0.0,0.0,1000.0
2024-02-04,1000.0,0.0,0.0,0.0,0.0,0.0,1000.0,0.0,0.0,2000.0
2024-02-06,0.0,0.0,0.0,0.0,0.0,0.0,1000.0,0.0,2000.0,3000.0
2024-02-08,0.0,0.0,0.0,300.0,0.0,0.0,1000.0,0.0,0.0,1300.0
2024-02-09,0.0,0.0,0.0,0.0,0.0,0.0,1000.0,0.0,0.0,1000.0
2024-02-10,0.0,0.0,500.0,300.0,0.0,0.0,1000.0,0.0,0.0,1800.0
2024-02-11,0.0,2000.0,0.0,0.0,0.0,0.0,1000.0,0.0,0.0,3000.0
2024-02-12,0.0,0.0,0.0,0.0,0.0,0.0,1000.0,0.0,0.0,1000.0
2024-02-13,0.0,2000.0,0.0,0.0,0.0,0.0,1000.0,0.0,0.0,3000.0
2024-02-14,0.0,0.0,0.0,300.0,0.0,0.0,1000.0,0.0,0.0,1300.0
2024-02-15,1000.0,0.0,500.0,0.0,0.0,0.0,1000.0,0.0,0.0,2500.0
2024-02-18,0.0,0.0,0.0,0.0,0.0,0.0,0.0,0.0,2000.0,2000.0
2024-02-19,1000.0,0.0,0.0,0.0,0.0,0.0,0.0,0.0,2000.0,3000.0
2024-02-21,0.0,0.0,0.0,0.0,0.0,0.0,1000.0,0.0,0.0,1000.0
2024-02-22,0.0,0.0,0.0,300.0,2000.0,0.0,0.0,0.0,0.0,2300.0
2024-02-24,0.0,0.0,0.0,0.0,0.0,0.0,1000.0,0.0,0.0,1000.0
2024-02-25,0.0,0.0,0.0,300.0,0.0,0.0,0.0,0.0,0.0,300.0
2024-02-29,0.0,0.0,500.0,0.0,0.0,0.0,1000.0,0.0,0.0,1500.0
2024-03-03,1000.0,0.0,0.0,0.0,0.0,0.0,1000.0,0.0,0.0,2000.0
2024-03-04,0.0,0.0,0.0,300.0,0.0,0.0,1000.0,0.0,0.0,1300.0
2024-03-05,0.0,2000.0,0.0,300.0,0.0,0.0,0.0,0.0,0.0,2300.0
2024-03-08,0.0,0.0,0.0,300.0,0.0,0.0,1000.0,0.0,0.0,1300.0
2024-03-09,0.0,0.0,500.0,300.0,0.0,0.0,1000.0,0.0,0.0,1800.0
2024-03-10,0.0,2000.0,0.0,0.0,0.0,0.0,1000.0,0.0,0.0,3000.0
2024-03-13,0.0,0.0,0.0,0.0,0.0,0.0,0.0,0.0,2000.0,2000.0
2024-03-14,0.0,0.0,0.0,300.0,0.0,0.0,1000.0,0.0,0.0,1300.0
2024-03-15,1000.0,0.0,0.0,0.0,0.0,0.0,1000.0,0.0,0.0,2000.0
2024-03-16,0.0,0.0,0.0,300.0,2000.0,0.0,0.0,0.0,0.0,2300.0
2024-03-22,0.0,0.0,0.0,300.0,0.0,0.0,1000.0,0.0,0.0,1300.0
2024-03-23,0.0,0.0,0.0,300.0,0.0,0.0,1000.0,0.0,0.0,1300.0
2024-03-24,0.0,0.0,0.0,300.0,0.0,0.0,1000.0,0.0,0.0,1300.0
2024-03-25,1000.0,0.0,0.0,300.0,0.0,0.0,1000.0,0.0,0.0,2300.0
2024-03-26,0.0,0.0,0.0,0.0,0.0,0.0,1000.0,0.0,0.0,1000.0
2024-03-27,0.0,0.0,0.0,300.0,0.0,0.0,0.0,0.0,0.0,300.0
2024-03-28,1000.0,0.0,0.0,0.0,0.0,0.0,1000.0,0.0,0.0,2000.0
2024-03-29,0.0,0.0,0.0,0.0,0.0,0.0,1000.0,0.0,0.0,1000.0
2024-03-30,0.0,0.0,0.0,0.0,0.0,0.0,1000.0,0.0,0.0,1000.0
2024-04-01,1000.0,0.0,500.0,0.0,0.0,0.0,1000.0,0.0,0.0,2500.0
2024-04-03,1000.0,0.0,0.0,0.0,0.0,0.0,0.0,0.0,0.0,1000.0
2024-04-05,0.0,0.0,0.0,0.0,0.0,0.0,1000.0,0.0,2000.0,3000.0
2024-04-08,0.0,0.0,500.0,0.0,0.0,0.0,1000.0,0.0,0.0,1500.0
2024-04-09,0.0,0.0,500.0,0.0,0.0,0.0,0.0,0.0,0.0,500.0
2024-04-12,0.0,0.0,0.0,300.0,0.0,0.0,1000.0,0.0,0.0,1300.0
2024-04-14,1000.0,0.0,0.0,0.0,0.0,0.0,1000.0,0.0,0.0,2000.0
2024-04-15,0.0,0.0,0.0,0.0,0.0,0.0,1000.0,0.0,0.0,1000.0
2024-04-21,0.0,0.0,0.0,0.0,0.0,0.0,1000.0,0.0,2000.0,3000.0
2024-04-22,0.0,0.0,0.0,300.0,0.0,0.0,1000.0,0.0,0.0,1300.0
2024-04-24,0.0,0.0,0.0,0.0,0.0,0.0,0.0,0.0,2000.0,2000.0
2024-04-25,0.0,0.0,0.0,300.0,0.0,0.0,0.0,0.0,0.0,300.0
2024-04-26,0.0,0.0,0.0,0.0,2000.0,0.0,1000.0,0.0,0.0,3000.0
2024-04-27,0.0,0.0,0.0,300.0,0.0,0.0,0.0,0.0,0.0,300.0
2024-04-28,1000.0,0.0,0.0,0.0,0.0,0.0,0.0,0.0,2000.0,3000.0
2024-04-29,0.0,0.0,0.0,0.0,0.0,0.0,1000.0,0.0,2000.0,3000.0
2024-05-01,0.0,0.0,0.0,0.0,0.0,0.0,1000.0,0.0,0.0,1000.0
2024-05-02,0.0,0.0,0.0,0.0,0.0,0.0,1000.0,0.0,0.0,1000.0
2024-05-04,1000.0,0.0,500.0,300.0,0.0,0.0,1000.0,0.0,0.0,2800.0
2024-05-05,0.0,0.0,0.0,300.0,0.0,0.0,0.0,0.0,2000.0,2300.0
2024-05-07,0.0,0.0,0.0,0.0,0.0,0.0,1000.0,0.0,0.0,1000.0
2024-05-09,0.0,0.0,0.0,0.0,0.0,0.0,1000.0,0.0,0.0,1000.0
2024-05-10,0.0,0.0,0.0,0.0,0.0,0.0,1000.0,0.0,0.0,1000.0
2024-05-16,0.0,0.0,500.0,0.0,0.0,0.0,1000.0,0.0,0.0,1500.0
2024-05-17,1000.0,0.0,0.0,0.0,0.0,0.0,1000.0,0.0,0.0,2000.0
2024-05-20,1000.0,0.0,500.0,0.0,0.0,0.0,1000.0,0.0,0.0,2500.0
2024-05-22,1000.0,0.0,0.0,0.0,0.0,0.0,1000.0,0.0,0.0,2000.0
2024-05-26,0.0,0.0,500.0,0.0,0.0,0.0,1000.0,0.0,0.0,1500.0
2024-05-27,1000.0,0.0,500.0,0.0,0.0,0.0,1000.0,0.0,0.0,2500.0
2024-05-28,0.0,0.0,0.0,0.0,0.0,0.0,1000.0,0.0,0.0,1000.0
2024-05-30,0.0,0.0,0.0,0.0,0.0,0.0,1000.0,0.0,0.0,1000.0
2024-06-01,0.0,0.0,0.0,0.0,0.0,0.0,1000.0,0.0,0.0,1000.0
2024-06-04,0.0,0.0,500.0,300.0,0.0,0.0,0.0,0.0,0.0,800.0
2024-06-06,0.0,0.0,0.0,0.0,0.0,0.0,1000.0,0.0,0.0,1000.0
2024-06-07,0.0,0.0,0.0,0.0,0.0,0.0,1000.0,0.0,0.0,1000.0
2024-06-08,0.0,0.0,0.0,300.0,0.0,0.0,1000.0,0.0,0.0,1300.0
2024-06-09,0.0,0.0,0.0,0.0,0.0,0.0,1000.0,0.0,0.0,1000.0
2024-06-10,0.0,0.0,0.0,0.0,0.0,0.0,1000.0,0.0,2000.0,3000.0
2024-06-11,1000.0,0.0,0.0,0.0,0.0,0.0,1000.0,0.0,0.0,2000.0
2024-06-12,0.0,0.0,0.0,300.0,0.0,0.0,1000.0,0.0,0.0,1300.0
2024-06-16,0.0,2000.0,0.0,300.0,0.0,0.0,0.0,0.0,0.0,2300.0
2024-06-17,0.0,0.0,500.0,300.0,0.0,0.0,1000.0,0.0,0.0,1800.0
2024-06-18,0.0,0.0,0.0,300.0,0.0,0.0,1000.0,0.0,0.0,1300.0
2024-06-19,0.0,0.0,0.0,0.0,0.0,0.0,1000.0,0.0,2000.0,3000.0
2024-06-21,1000.0,0.0,0.0,0.0,0.0,0.0,1000.0,0.0,0.0,2000.0
2024-06-23,0.0,0.0,0.0,0.0,0.0,0.0,1000.0,0.0,0.0,1000.0
2024-06-24,1000.0,0.0,500.0,0.0,0.0,0.0,0.0,0.0,0.0,1500.0
2024-06-25,0.0,0.0,500.0,300.0,0.0,0.0,1000.0,0.0,0.0,1800.0
2024-06-26,0.0,0.0,0.0,0.0,2000.0,0.0,1000.0,0.0,0.0,3000.0
2024-06-27,0.0,0.0,0.0,0.0,0.0,0.0,1000.0,0.0,0.0,1000.0
2024-06-29,0.0,0.0,0.0,0.0,0.0,0.0,0.0,0.0,2000.0,2000.0
2024-07-01,0.0,0.0,0.0,300.0,0.0,0.0,1000.0,0.0,0.0,1300.0
2024-07-02,0.0,0.0,0.0,0.0,0.0,0.0,1000.0,0.0,2000.0,3000.0
2024-07-03,0.0,2000.0,0.0,0.0,0.0,0.0,1000.0,0.0,0.0,3000.0
2024-07-04,0.0,0.0,0.0,300.0,0.0,0.0,1000.0,0.0,0.0,1300.0
2024-07-05,0.0,0.0,500.0,300.0,0.0,0.0,1000.0,0.0,0.0,1800.0
2024-07-06,1000.0,0.0,500.0,0.0,0.0,0.0,1000.0,0.0,0.0,2500.0
2024-07-07,1000.0,0.0,0.0,300.0,0.0,0.0,1000.0,0.0,0.0,2300.0
2024-07-09,0.0,0.0,0.0,0.0,0.0,0.0,1000.0,0.0,0.0,1000.0
2024-07-11,0.0,0.0,0.0,300.0,0.0,0.0,1000.0,0.0,0.0,1300.0
2024-07-12,0.0,0.0,0.0,300.0,0.0,0.0,1000.0,0.0,0.0,1300.0
2024-07-14,0.0,0.0,0.0,0.0,0.0,0.0,1000.0,0.0,0.0,1000.0
2024-07-16,0.0,0.0,0.0,300.0,0.0,0.0,1000.0,0.0,0.0,1300.0
2024-07-17,0.0,0.0,0.0,300.0,0.0,0.0,1000.0,0.0,0.0,1300.0
2024-07-18,0.0,0.0,0.0,0.0,0.0,0.0,0.0,0.0,1340.0,1340.0
2024-07-19,0.0,0.0,0.0,0.0,0.0,0.0,1000.0,0.0,0.0,1000.0
2024-07-21,0.0,0.0,0.0,0.0,0.0,0.0,1000.0,0.0,2000.0,3000.0
2024-07-22,0.0,0.0,0.0,300.0,0.0,0.0,1000.0,0.0,0.0,1300.0
2024-07-23,0.0,0.0,0.0,300.0,0.0,0.0,1000.0,0.0,0.0,1300.0
2024-07-24,1000.0,0.0,0.0,300.0,0.0,0.0,1000.0,0.0,0.0,2300.0
2024-07-27,0.0,0.0,0.0,300.0,0.0,0.0,1000.0,0.0,0.0,1300.0
2024-07-28,0.0,0.0,0.0,300.0,0.0,0.0,1000.0,0.0,0.0,1300.0
2024-07-29,0.0,0.0,0.0,0.0,0.0,0.0,1000.0,0.0,0.0,1000.0
2024-07-30,0.0,0.0,500.0,0.0,0.0,0.0,1000.0,0.0,0.0,1500.0
2024-08-02,0.0,0.0,0.0,300.0,0.0,0.0,1000.0,0.0,0.0,1300.0
2024-08-03,0.0,0.0,0.0,300.0,0.0,0.0,1000.0,0.0,0.0,1300.0
2024-08-05,0.0,0.0,500.0,0.0,0.0,0.0,1000.0,0.0,0.0,1500.0
2024-08-06,0.0,0.0,500.0,0.0,0.0,0.0,0.0,0.0,0.0,500.0
2024-08-08,0.0,0.0,0.0,300.0,0.0,0.0,1000.0,0.0,0.0,1300.0
2024-08-09,0.0,0.0,0.0,300.0,0.0,0.0,1000.0,0.0,0.0,1300.0
2024-08-11,0.0,0.0,0.0,300.0,0.0,0.0,1000.0,0.0,0.0,1300.0
2024-08-12,0.0,0.0,0.0,0.0,0.0,0.0,1000.0,0.0,0.0,1000.0
2024-08-17,1000.0,0.0,0.0,0.0,0.0,0.0,1000.0,0.0,0.0,2000.0
2024-08-18,1000.0,0.0,0.0,0.0,0.0,0.0,1000.0,0.0,0.0,2000.0
2024-08-19,0.0,0.0,0.0,0.0,0.0,0.0,1000.0,0.0,0.0,1000.0
2024-08-20,0.0,0.0,500.0,300.0,0.0,0.0,0.0,0.0,0.0,800.0
2024-08-23,1000.0,0.0,0.0,300.0,0.0,0.0,1000.0,0.0,0.0,2300.0
2024-08-24,0.0,0.0,0.0,0.0,0.0,0.0,1000.0,0.0,0.0,1000.0
2024-08-26,0.0,0.0,0.0,0.0,2000.0,0.0,1000.0,0.0,0.0,3000.0
2024-08-27,0.0,0.0,0.0,300.0,0.0,0.0,1000.0,0.0,0.0,1300.0
2024-08-29,1000.0,0.0,0.0,0.0,2000.0,0.0,0.0,0.0,0.0,3000.0
2024-08-31,0.0,0.0,0.0,0.0,0.0,0.0,1000.0,0.0,2000.0,3000.0
2024-09-01,0.0,0.0,0.0,0.0,0.0,0.0,1000.0,0.0,2000.0,3000.0
2024-09-04,0.0,0.0,0.0,300.0,0.0,0.0,1000.0,0.0,0.0,1300.0
2024-09-06,1000.0,0.0,0.0,0.0,0.0,0.0,1000.0,0.0,0.0,2000.0
2024-09-09,0.0,0.0,0.0,0.0,0.0,0.0,1000.0,0.0,0.0,1000.0
2024-09-10,0.0,0.0,0.0,300.0,0.0,0.0,1000.0,0.0,0.0,1300.0
2024-09-14,0.0,0.0,500.0,300.0,0.0,0.0,1000.0,0.0,0.0,1800.0
2024-09-15,0.0,0.0,0.0,0.0,0.0,0.0,1000.0,0.0,0.0,1000.0
2024-09-19,0.0,0.0,0.0,0.0,0.0,0.0,1000.0,0.0,0.0,1000.0
2024-09-22,0.0,0.0,500.0,0.0,0.0,0.0,1000.0,0.0,0.0,1500.0
2024-09-26,1000.0,0.0,0.0,0.0,0.0,0.0,1000.0,0.0,0.0,2000.0
2024-09-29,0.0,0.0,0.0,300.0,0.0,0.0,1000.0,0.0,0.0,1300.0
2024-09-30,0.0,0.0,0.0,300.0,0.0,0.0,1000.0,0.0,0.0,1300.0
2024-10-02,0.0,0.0,0.0,300.0,0.0,0.0,1000.0,0.0,0.0,1300.0
2024-10-05,1000.0,0.0,500.0,300.0,0.0,0.0,1000.0,0.0,0.0,2800.0
2024-10-06,0.0,0.0,500.0,0.0,0.0,0.0,1000.0,0.0,0.0,1500.0
2024-10-08,0.0,2000.0,0.0,0.0,0.0,0.0,1000.0,0.0,0.0,3000.0
2024-10-09,0.0,0.0,500.0,300.0,0.0,0.0,1000.0,0.0,0.0,1800.0
2024-10-11,0.0,0.0,0.0,0.0,2000.0,0.0,1000.0,0.0,0.0,3000.0
2024-10-13,0.0,2000.0,0.0,0.0,0.0,0.0,1000.0,0.0,0.0,3000.0
2024-10-15,1000.0,0.0,0.0,300.0,0.0,0.0,1000.0,0.0,0.0,2300.0
2024-10-16,1000.0,0.0,500.0,300.0,0.0,0.0,1000.0,0.0,0.0,2800.0
2024-10-20,0.0,0.0,500.0,300.0,0.0,0.0,1000.0,0.0,0.0,1800.0
2024-10-23,0.0,0.0,0.0,0.0,0.0,0.0,1000.0,0.0,2000.0,3000.0
2024-10-24,1000.0,0.0,0.0,0.0,0.0,0.0,0.0,0.0,0.0,1000.0
2024-10-25,0.0,0.0,500.0,0.0,0.0,0.0,1000.0,0.0,0.0,1500.0
2024-10-28,0.0,0.0,0.0,0.0,0.0,0.0,1000.0,0.0,2000.0,3000.0
2024-10-29,0.0,0.0,500.0,0.0,0.0,0.0,1000.0,0.0,0.0,1500.0
2024-11-03,0.0,0.0,500.0,0.0,0.0,0.0,1000.0,0.0,0.0,1500.0
2024-11-06,0.0,2000.0,0.0,0.0,0.0,0.0,1000.0,0.0,0.0,3000.0
2024-11-08,0.0,0.0,0.0,0.0,0.0,0.0,1000.0,0.0,2000.0,3000.0
2024-11-09,0.0,0.0,0.0,300.0,0.0,0.0,1000.0,0.0,0.0,1300.0
2024-11-10,1000.0,0.0,0.0,300.0,0.0,0.0,1000.0,0.0,0.0,2300.0
2024-11-11,0.0,0.0,0.0,0.0,2000.0,0.0,1000.0,0.0,0.0,3000.0
2024-11-13,0.0,0.0,0.0,0.0,0.0,0.0,1000.0,0.0,0.0,1000.0
2024-11-14,0.0,0.0,500.0,0.0,0.0,0.0,1000.0,0.0,0.0,1500.0
2024-11-15,0.0,0.0,0.0,300.0,0.0,0.0,1000.0,0.0,0.0,1300.0
2024-11-16,1000.0,0.0,500.0,0.0,0.0,0.0,1000.0,0.0,0.0,2500.0
2024-11-19,0.0,0.0,0.0,0.0,0.0,0.0,1000.0,0.0,0.0,1000.0
2024-11-21,0.0,0.0,0.0,300.0,0.0,0.0,0.0,0.0,2000.0,2300.0
2024-11-22,0.0,0.0,0.0,300.0,0.0,0.0,1000.0,0.0,0.0,1300.0
2024-11-23,0.0,0.0,0.0,300.0,0.0,0.0,1000.0,0.0,0.0,1300.0
2024-11-26,0.0,0.0,500.0,300.0,0.0,0.0,1000.0,0.0,0.0,1800.0
2024-11-27,0.0,0.0,0.0,0.0,0.0,0.0,1000.0,0.0,2000.0,3000.0
2024-11-28,0.0,0.0,0.0,300.0,0.0,0.0,1000.0,0.0,0.0,1300.0
2024-11-29,0.0,0.0,0.0,300.0,0.0,0.0,1000.0,0.0,0.0,1300.0
2024-12-01,0.0,2000.0,0.0,0.0,0.0,0.0,1000.0,0.0,0.0,3000.0
2024-12-04,0.0,0.0,0.0,0.0,0.0,0.0,1000.0,0.0,0.0,1000.0
2024-12-06,0.0,0.0,0.0,300.0,0.0,0.0,1000.0,0.0,0.0,1300.0
2024-12-07,0.0,0.0,0.0,300.0,0.0,0.0,1000.0,0.0,0.0,1300.0
2024-12-08,0.0,0.0,0.0,300.0,0.0,0.0,1000.0,0.0,0.0,1300.0
2024-12-10,0.0,0.0,0.0,0.0,0.0,0.0,1000.0,0.0,2000.0,3000.0
2024-12-11,0.0,0.0,500.0,0.0,0.0,0.0,1000.0,0.0,0.0,1500.0
2024-12-14,0.0,0.0,0.0,300.0,0.0,0.0,0.0,0.0,0.0,300.0
2024-12-18,0.0,0.0,0.0,0.0,0.0,0.0,1000.0,0.0,0.0,1000.0
2024-12-19,0.0,0.0,0.0,300.0,0.0,0.0,1000.0,0.0,0.0,1300.0
2024-12-21,1000.0,0.0,0.0,0.0,0.0,0.0,1000.0,0.0,0.0,2000.0
2024-12-23,0.0,0.0,0.0,0.0,2000.0,0.0,1000.0,0.0,0.0,3000.0
2024-12-25,0.0,0.0,0.0,0.0,0.0,0.0,1000.0,0.0,0.0,1000.0
2024-12-26,0.0,2000.0,0.0,0.0,0.0,0.0,1000.0,0.0,0.0,3000.0
2024-12-27,1000.0,0.0,0.0,300.0,0.0,0.0,1000.0,0.0,0.0,2300.0
2024-12-28,0.0,0.0,0.0,0.0,0.0,0.0,1000.0,0.0,0.0,1000.0
2024-12-31,1000.0,0.0,0.0,300.0,0.0,0.0,1000.0,0.0,0.0,2300.0
